country,vegetable,price,available_stock,daily_demand,freshness_age,shelf_life_days,remaining_life,supply_demand_gap,harvest_month,harvest_dayofweek,harvest_quarter,wastage_risk_enc,stock_demand_ratio,life_used_ratio,days_to_expire,predicted_14day_demand,stock_after_14days,shortage_in_14days,potential_wastage_units,expires_before_14days,freshness_pct_remaining,price_demand_ratio,overstock_flag
0,2,116.93,398,215,23,24,1,183,3,4,1,0,1.8425925925925926,0.92,1,3010,-2612,1,0,1,4.0,0.5413425925925927,0
0,0,164.67,118,462,7,13,6,-344,2,0,1,1,0.2548596112311015,0.5,6,6468,-6350,1,0,1,42.857142857142854,0.35565874730021596,0
0,9,82.28,494,74,3,11,8,420,11,3,4,1,6.586666666666667,0.25,8,1036,-542,1,0,1,66.66666666666666,1.0970666666666666,1
1,0,173.23,239,478,16,26,10,-239,7,1,3,1,0.4989561586638831,0.5925925925925926,10,6692,-6453,1,0,1,37.03703703703704,0.36164926931106467,0
1,4,155.07,533,225,7,9,2,308,2,3,1,0,2.3584070796460175,0.7,2,3150,-2617,1,0,1,20.0,0.686150442477876,0
0,9,69.77,329,40,12,21,9,289,7,3,3,1,8.024390243902438,0.5454545454545454,9,560,-231,1,0,1,40.909090909090914,1.7017073170731707,1
0,9,118.5,406,449,0,28,28,-43,5,4,2,1,0.9022222222222223,0.0,28,6286,-5880,1,0,0,96.55172413793103,0.2633333333333333,0
0,8,197.52,173,316,1,24,23,-143,1,4,1,1,0.5457413249211357,0.04,23,4424,-4251,1,0,0,92.0,0.6230914826498423,0
0,4,138.26,452,51,18,24,6,401,5,4,2,1,8.692307692307692,0.72,6,714,-262,1,0,1,24.0,2.6588461538461536,1
1,9,143.23,443,362,9,16,7,81,12,6,4,1,1.2203856749311295,0.5294117647058824,7,5068,-4625,1,0,1,41.17647058823529,0.39457300275482093,0
0,2,62.32,310,329,0,8,8,-19,11,0,4,1,0.9393939393939394,0.0,8,4606,-4296,1,0,1,88.88888888888889,0.18884848484848485,0
0,6,43.6,181,443,7,18,11,-262,8,5,3,1,0.40765765765765766,0.3684210526315789,11,6202,-6021,1,0,1,57.89473684210527,0.09819819819819821,0
1,0,110.35,94,165,6,26,20,-71,6,5,2,1,0.5662650602409639,0.2222222222222222,20,2310,-2216,1,0,0,74.07407407407408,0.6647590361445783,0
1,1,113.58,79,312,9,14,5,-233,6,5,2,2,0.2523961661341853,0.6,5,4368,-4289,1,0,1,33.33333333333333,0.36287539936102237,0
1,6,179.71,493,136,8,11,3,357,1,5,1,2,3.5985401459854014,0.6666666666666666,3,1904,-1411,1,0,1,25.0,1.3117518248175184,0
0,8,89.46,99,468,5,22,17,-369,8,3,3,1,0.21108742004264391,0.21739130434782608,17,6552,-6453,1,0,0,73.91304347826086,0.1907462686567164,0
1,0,32.47,310,106,5,20,15,204,7,0,3,1,2.897196261682243,0.23809523809523808,15,1484,-1174,1,0,0,71.42857142857143,0.3034579439252336,0
1,6,27.48,526,342,21,26,5,184,8,1,3,2,1.533527696793003,0.7777777777777778,5,4788,-4262,1,0,1,18.51851851851852,0.08011661807580175,0
0,5,29.99,135,216,4,18,14,-81,3,6,1,1,0.6221198156682027,0.21052631578947367,14,3024,-2889,1,0,0,73.68421052631578,0.13820276497695852,0
0,7,60.33,211,75,0,18,18,136,2,0,1,1,2.776315789473684,0.0,18,1050,-839,1,0,0,94.73684210526315,0.7938157894736841,0
1,4,119.1,233,260,0,7,7,-27,12,2,4,1,0.89272030651341,0.0,7,3640,-3407,1,0,1,87.5,0.45632183908045976,0
0,4,177.81,337,428,1,16,15,-91,12,5,4,1,0.7855477855477856,0.058823529411764705,15,5992,-5655,1,0,0,88.23529411764706,0.4144755244755245,0
0,4,172.16,305,368,19,26,7,-63,6,0,2,1,0.8265582655826558,0.7037037037037037,7,5152,-4847,1,0,1,25.925925925925924,0.46655826558265584,0
1,2,103.32,531,130,7,13,6,401,1,6,1,1,4.0534351145038165,0.5,6,1820,-1289,1,0,1,42.857142857142854,0.7887022900763359,1
1,3,31.45,193,158,1,12,11,35,10,4,4,1,1.2138364779874213,0.07692307692307693,11,2212,-2019,1,0,1,84.61538461538461,0.19779874213836476,0
1,9,44.22,226,157,8,14,6,69,2,2,1,1,1.4303797468354431,0.5333333333333333,6,2198,-1972,1,0,1,40.0,0.27987341772151897,0
1,1,119.26,598,99,0,15,15,499,1,4,1,1,5.98,0.0,15,1386,-788,1,0,0,93.75,1.1926,1
0,8,118.34,511,241,10,12,2,270,8,6,3,0,2.1115702479338845,0.7692307692307693,2,3374,-2863,1,0,1,15.384615384615385,0.4890082644628099,0
0,0,153.18,83,361,0,15,15,-278,2,0,1,1,0.2292817679558011,0.0,15,5054,-4971,1,0,0,93.75,0.42314917127071827,0
0,6,152.68,477,106,14,22,8,371,5,6,2,1,4.457943925233645,0.6086956521739131,8,1484,-1007,1,0,1,34.78260869565217,1.4269158878504673,1
1,9,105.68,456,214,4,13,9,242,12,3,4,1,2.1209302325581394,0.2857142857142857,9,2996,-2540,1,0,1,64.28571428571429,0.49153488372093024,0
1,2,189.3,483,304,11,25,14,179,11,3,4,1,1.5836065573770493,0.4230769230769231,14,4256,-3773,1,0,0,53.84615384615385,0.6206557377049181,0
0,7,116.92,297,35,7,10,3,262,1,4,1,2,8.25,0.6363636363636364,3,490,-193,1,0,1,27.27272727272727,3.247777777777778,1
1,9,71.76,288,132,4,19,15,156,9,1,3,1,2.1654135338345863,0.2,15,1848,-1560,1,0,0,75.0,0.5395488721804511,0
1,6,191.97,544,410,16,28,12,134,4,0,2,1,1.3236009732360097,0.5517241379310345,12,5740,-5196,1,0,1,41.37931034482759,0.4670802919708029,0
1,4,149.83,240,416,6,12,6,-176,7,1,3,1,0.5755395683453237,0.46153846153846156,6,5824,-5584,1,0,1,46.15384615384615,0.3593045563549161,0
1,8,36.54,248,498,7,8,1,-250,9,6,3,2,0.4969939879759519,0.7777777777777778,1,6972,-6724,1,0,1,11.11111111111111,0.07322645290581162,0
0,8,67.07,189,66,15,16,1,123,11,0,4,0,2.8208955223880596,0.8823529411764706,1,924,-735,1,0,1,5.88235294117647,1.0010447761194028,0
0,5,74.69,351,464,19,26,7,-113,9,4,3,1,0.7548387096774194,0.7037037037037037,7,6496,-6145,1,0,1,25.925925925925924,0.16062365591397848,0
0,8,87.18,493,111,15,25,10,382,9,5,3,1,4.401785714285714,0.5769230769230769,10,1554,-1061,1,0,1,38.46153846153847,0.7783928571428572,1
1,9,75.89,245,154,2,17,15,91,6,5,2,1,1.5806451612903225,0.1111111111111111,15,2156,-1911,1,0,0,83.33333333333334,0.4896129032258065,0
0,8,30.31,546,487,5,10,5,59,5,3,2,2,1.1188524590163935,0.45454545454545453,5,6818,-6272,1,0,1,45.45454545454545,0.06211065573770492,0
1,7,180.95,134,343,8,20,12,-209,7,5,3,1,0.38953488372093026,0.38095238095238093,12,4802,-4668,1,0,1,57.14285714285714,0.5260174418604651,0
1,9,86.76,78,211,6,7,1,-133,8,6,3,2,0.36792452830188677,0.75,1,2954,-2876,1,0,1,12.5,0.4092452830188679,0
0,6,135.92,474,298,4,14,10,176,12,4,4,1,1.585284280936455,0.26666666666666666,10,4172,-3698,1,0,1,66.66666666666666,0.45458193979933104,0
0,6,133.86,215,400,3,20,17,-185,2,3,1,1,0.5361596009975063,0.14285714285714285,17,5600,-5385,1,0,0,80.95238095238095,0.3338154613466334,0
0,2,160.01,363,373,5,17,12,-10,6,3,2,1,0.9705882352941176,0.2777777777777778,12,5222,-4859,1,0,1,66.66666666666666,0.42783422459893045,0
1,1,114.27,245,34,3,14,11,211,3,3,1,1,7.0,0.2,11,476,-231,1,0,1,73.33333333333333,3.2648571428571427,1
1,9,144.56,122,379,10,29,19,-257,10,1,4,1,0.32105263157894737,0.3333333333333333,19,5306,-5184,1,0,0,63.33333333333333,0.38042105263157894,0
0,2,183.61,418,264,17,21,4,154,1,6,1,2,1.5773584905660378,0.7727272727272727,4,3696,-3278,1,0,1,18.181818181818183,0.6928679245283019,0
1,7,28.6,454,431,15,25,10,23,6,1,2,1,1.0509259259259258,0.5769230769230769,10,6034,-5580,1,0,1,38.46153846153847,0.06620370370370371,0
1,9,112.94,206,455,22,28,6,-249,6,2,2,1,0.4517543859649123,0.7586206896551724,6,6370,-6164,1,0,1,20.689655172413794,0.24767543859649122,0
0,6,145.29,526,273,23,27,4,253,12,1,4,2,1.9197080291970803,0.8214285714285714,4,3822,-3296,1,0,1,14.285714285714285,0.5302554744525547,0
1,1,62.81,360,200,9,12,3,160,11,0,4,2,1.791044776119403,0.6923076923076923,3,2800,-2440,1,0,1,23.076923076923077,0.3124875621890547,0
1,6,105.79,106,275,7,21,14,-169,5,5,2,1,0.38405797101449274,0.3181818181818182,14,3850,-3744,1,0,0,63.63636363636363,0.38329710144927537,0
1,3,136.14,342,61,12,19,7,281,8,5,3,1,5.516129032258065,0.6,7,854,-512,1,0,1,35.0,2.195806451612903,1
0,1,121.04,57,73,4,5,1,-16,9,3,3,2,0.7702702702702703,0.6666666666666666,1,1022,-965,1,0,1,16.666666666666664,1.6356756756756758,0
0,8,107.52,139,408,17,25,8,-269,3,5,1,1,0.33985330073349634,0.6538461538461539,8,5712,-5573,1,0,1,30.76923076923077,0.26288508557457213,0
0,0,47.98,82,349,6,9,3,-267,10,1,4,2,0.2342857142857143,0.6,3,4886,-4804,1,0,1,30.0,0.13708571428571428,0
0,3,73.12,514,482,0,12,12,32,2,3,1,1,1.0641821946169772,0.0,12,6748,-6234,1,0,1,92.3076923076923,0.15138716356107662,0
0,7,62.81,64,204,2,22,20,-140,9,3,3,1,0.3121951219512195,0.08695652173913043,20,2856,-2792,1,0,0,86.95652173913044,0.306390243902439,0
0,0,174.42,390,53,2,12,10,337,6,1,2,1,7.222222222222222,0.15384615384615385,10,742,-352,1,0,1,76.92307692307693,3.23,1
0,4,102.85,97,372,0,6,6,-275,10,0,4,1,0.26005361930294907,0.0,6,5208,-5111,1,0,1,85.71428571428571,0.2757372654155496,0
1,2,187.2,256,180,3,19,16,76,12,0,4,1,1.4143646408839778,0.15,16,2520,-2264,1,0,0,80.0,1.0342541436464088,0
0,1,194.53,491,460,10,19,9,31,10,1,4,1,1.0650759219088937,0.5,9,6440,-5949,1,0,1,45.0,0.42197396963123646,0
0,6,198.18,205,416,22,29,7,-211,9,3,3,1,0.49160671462829736,0.7333333333333333,7,5824,-5619,1,0,1,23.333333333333332,0.4752517985611511,0
0,1,80.08,271,361,4,22,18,-90,2,3,1,1,0.7486187845303868,0.17391304347826086,18,5054,-4783,1,0,0,78.26086956521739,0.22121546961325966,0
1,3,73.31,540,394,0,12,12,146,9,3,3,1,1.3670886075949367,0.0,12,5516,-4976,1,0,1,92.3076923076923,0.18559493670886076,0
1,1,33.13,166,85,0,18,18,81,2,2,1,1,1.930232558139535,0.0,18,1190,-1024,1,0,0,94.73684210526315,0.3852325581395349,0
0,6,192.12,440,334,0,6,6,106,8,4,3,1,1.3134328358208955,0.0,6,4676,-4236,1,0,1,85.71428571428571,0.5734925373134329,0
1,5,107.79,352,85,10,13,3,267,8,2,3,2,4.093023255813954,0.7142857142857143,3,1190,-838,1,0,1,21.428571428571427,1.253372093023256,1
1,3,170.37,286,498,5,7,2,-212,4,0,2,2,0.5731462925851704,0.625,2,6972,-6686,1,0,1,25.0,0.34142284569138276,0
0,8,28.76,351,367,18,22,4,-16,10,6,4,2,0.9538043478260869,0.782608695652174,4,5138,-4787,1,0,1,17.391304347826086,0.07815217391304348,0
1,8,128.92,456,70,5,20,15,386,3,0,1,1,6.422535211267606,0.23809523809523808,15,980,-524,1,0,0,71.42857142857143,1.8157746478873238,1
0,8,64.76,79,106,19,25,6,-27,2,4,1,1,0.7383177570093458,0.7307692307692307,6,1484,-1405,1,0,1,23.076923076923077,0.6052336448598131,0
1,1,123.49,379,372,22,26,4,7,10,2,4,2,1.0160857908847185,0.8148148148148148,4,5208,-4829,1,0,1,14.814814814814813,0.3310723860589812,0
0,5,115.47,345,342,8,15,7,3,2,3,1,1,1.0058309037900874,0.5,7,4788,-4443,1,0,1,43.75,0.3366472303206997,0
0,3,31.73,383,46,6,21,15,337,4,0,2,1,8.148936170212766,0.2727272727272727,15,644,-261,1,0,0,68.18181818181817,0.6751063829787234,1
1,5,76.51,242,243,8,10,2,-1,1,1,1,2,0.9918032786885246,0.7272727272727273,2,3402,-3160,1,0,1,18.181818181818183,0.3135655737704918,0
0,2,86.04,461,478,10,17,7,-17,8,0,3,1,0.9624217118997912,0.5555555555555556,7,6692,-6231,1,0,1,38.88888888888889,0.17962421711899793,0
0,3,123.56,537,224,10,22,12,313,6,5,2,1,2.3866666666666667,0.43478260869565216,12,3136,-2599,1,0,1,52.17391304347826,0.5491555555555556,0
1,2,144.7,301,464,5,12,7,-163,1,2,1,1,0.6473118279569893,0.38461538461538464,7,6496,-6195,1,0,1,53.84615384615385,0.3111827956989247,0
1,3,49.26,311,468,4,14,10,-157,4,2,2,1,0.6631130063965884,0.26666666666666666,10,6552,-6241,1,0,1,66.66666666666666,0.1050319829424307,0
0,3,53.04,115,50,8,9,1,65,10,2,4,2,2.2549019607843137,0.8,1,700,-585,1,0,1,10.0,1.04,0
0,0,39.75,467,313,2,5,3,154,5,6,2,2,1.4872611464968153,0.3333333333333333,3,4382,-3915,1,0,1,50.0,0.1265923566878981,0
0,2,64.78,253,151,2,19,17,102,9,6,3,1,1.6644736842105263,0.1,17,2114,-1861,1,0,0,85.0,0.4261842105263158,0
0,8,77.08,192,150,2,11,9,42,4,6,2,1,1.271523178807947,0.16666666666666666,9,2100,-1908,1,0,1,75.0,0.5104635761589403,0
1,9,27.52,174,370,7,22,15,-196,9,2,3,1,0.46900269541778977,0.30434782608695654,15,5180,-5006,1,0,0,65.21739130434783,0.07417789757412399,0
1,6,78.14,402,207,3,6,3,195,8,0,3,2,1.9326923076923077,0.42857142857142855,3,2898,-2496,1,0,1,42.857142857142854,0.37567307692307694,0
0,9,97.75,491,30,10,16,6,461,4,3,2,1,15.838709677419354,0.5882352941176471,6,420,71,0,71,1,35.294117647058826,3.153225806451613,1
1,1,168.43,412,280,15,23,8,132,6,6,2,1,1.4661921708185053,0.625,8,3920,-3508,1,0,1,33.33333333333333,0.5993950177935943,0
1,1,198.83,594,69,0,5,5,525,3,5,1,2,8.485714285714286,0.0,5,966,-372,1,0,1,83.33333333333334,2.8404285714285717,1
1,1,34.09,552,239,17,19,2,313,2,4,1,0,2.3,0.85,2,3346,-2794,1,0,1,10.0,0.14204166666666668,0
1,7,69.13,351,330,7,14,7,21,1,2,1,1,1.0604229607250755,0.4666666666666667,7,4620,-4269,1,0,1,46.666666666666664,0.20885196374622356,0
0,9,88.33,268,382,1,12,11,-114,6,5,2,1,0.6997389033942559,0.07692307692307693,11,5348,-5080,1,0,1,84.61538461538461,0.2306266318537859,0
0,5,140.3,472,151,6,10,4,321,12,3,4,2,3.1052631578947367,0.5454545454545454,4,2114,-1642,1,0,1,36.36363636363637,0.9230263157894738,0
1,7,89.02,252,78,10,17,7,174,5,3,2,1,3.189873417721519,0.5555555555555556,7,1092,-840,1,0,1,38.88888888888889,1.1268354430379746,0
0,5,101.8,555,114,6,18,12,441,1,1,1,1,4.826086956521739,0.3157894736842105,12,1596,-1041,1,0,1,63.1578947368421,0.8852173913043478,1
0,8,74.81,407,445,11,14,3,-38,10,4,4,2,0.9125560538116592,0.7333333333333333,3,6230,-5823,1,0,1,20.0,0.16773542600896862,0
0,6,78.47,57,286,0,5,5,-229,8,0,3,2,0.1986062717770035,0.0,5,4004,-3947,1,0,1,83.33333333333334,0.2734146341463415,0
1,3,41.6,248,192,6,13,7,56,7,3,3,1,1.2849740932642486,0.42857142857142855,7,2688,-2440,1,0,1,50.0,0.2155440414507772,0
1,6,112.77,345,368,17,20,3,-23,7,1,3,2,0.9349593495934959,0.8095238095238095,3,5152,-4807,1,0,1,14.285714285714285,0.30560975609756097,0
0,9,169.68,85,398,2,12,10,-313,5,2,2,1,0.21303258145363407,0.15384615384615385,10,5572,-5487,1,0,1,76.92307692307693,0.42526315789473684,0
0,4,163.61,187,159,16,29,13,28,2,3,1,1,1.16875,0.5333333333333333,13,2226,-2039,1,0,1,43.333333333333336,1.0225625,0
0,4,157.42,530,262,2,10,8,268,1,5,1,1,2.0152091254752853,0.18181818181818182,8,3668,-3138,1,0,1,72.72727272727273,0.5985551330798479,0
0,6,169.4,489,193,1,16,15,296,1,0,1,1,2.520618556701031,0.058823529411764705,15,2702,-2213,1,0,0,88.23529411764706,0.8731958762886598,0
1,8,88.95,569,349,14,19,5,220,9,0,3,2,1.6257142857142857,0.7,5,4886,-4317,1,0,1,25.0,0.25414285714285717,0
1,0,31.34,267,61,24,29,5,206,7,4,3,2,4.306451612903226,0.8,5,854,-587,1,0,1,16.666666666666664,0.5054838709677419,1
1,0,153.2,572,447,7,8,1,125,2,1,1,0,1.2767857142857142,0.7777777777777778,1,6258,-5686,1,0,1,11.11111111111111,0.34196428571428567,0
0,9,20.12,304,142,8,22,14,162,10,6,4,1,2.125874125874126,0.34782608695652173,14,1988,-1684,1,0,0,60.86956521739131,0.1406993006993007,0
0,5,164.15,382,260,16,25,9,122,10,5,4,1,1.4636015325670497,0.6153846153846154,9,3640,-3258,1,0,1,34.61538461538461,0.6289272030651342,0
1,8,53.71,588,459,0,10,10,129,4,0,2,1,1.2782608695652173,0.0,10,6426,-5838,1,0,1,90.9090909090909,0.11676086956521739,0
0,0,169.57,565,221,1,23,22,344,7,0,3,1,2.545045045045045,0.041666666666666664,22,3094,-2529,1,0,0,91.66666666666666,0.7638288288288287,0
1,8,156.18,371,107,22,28,6,264,3,2,1,1,3.435185185185185,0.7586206896551724,6,1498,-1127,1,0,1,20.689655172413794,1.4461111111111111,0
1,6,169.28,125,241,4,21,17,-116,2,1,1,1,0.5165289256198347,0.18181818181818182,17,3374,-3249,1,0,0,77.27272727272727,0.699504132231405,0
1,7,63.62,181,183,10,13,3,-2,12,6,4,2,0.9836956521739131,0.7142857142857143,3,2562,-2381,1,0,1,21.428571428571427,0.3457608695652174,0
0,8,173.59,294,327,25,27,2,-33,4,2,2,2,0.8963414634146342,0.8928571428571429,2,4578,-4284,1,0,1,7.142857142857142,0.5292378048780488,0
1,5,24.49,593,412,10,15,5,181,8,6,3,2,1.4358353510895885,0.625,5,5768,-5175,1,0,1,31.25,0.05929782082324455,0
1,2,45.85,598,301,5,9,4,297,4,4,2,2,1.9801324503311257,0.5,4,4214,-3616,1,0,1,40.0,0.15182119205298014,0
1,1,74.26,366,331,5,9,4,35,5,2,2,2,1.1024096385542168,0.5,4,4634,-4268,1,0,1,40.0,0.22367469879518073,0
1,2,73.11,372,77,14,19,5,295,7,2,3,2,4.769230769230769,0.7,5,1078,-706,1,0,1,25.0,0.9373076923076923,1
1,6,175.73,130,36,14,18,4,94,9,3,3,2,3.5135135135135136,0.7368421052631579,4,504,-374,1,0,1,21.052631578947366,4.749459459459459,0
1,6,100.15,153,86,14,20,6,67,5,6,2,1,1.7586206896551724,0.6666666666666666,6,1204,-1051,1,0,1,28.57142857142857,1.1511494252873564,0
0,3,93.94,372,104,0,9,9,268,4,3,2,1,3.5428571428571427,0.0,9,1456,-1084,1,0,1,90.0,0.8946666666666666,0
1,0,189.57,122,197,6,10,4,-75,6,3,2,2,0.6161616161616161,0.5454545454545454,4,2758,-2636,1,0,1,36.36363636363637,0.9574242424242424,0
1,5,116.42,226,404,5,10,5,-178,6,3,2,2,0.5580246913580247,0.45454545454545453,5,5656,-5430,1,0,1,45.45454545454545,0.2874567901234568,0
0,8,51.15,397,242,19,29,10,155,5,5,2,1,1.6337448559670782,0.6333333333333333,10,3388,-2991,1,0,1,33.33333333333333,0.21049382716049383,0
1,3,79.63,143,56,6,27,21,87,4,0,2,1,2.508771929824561,0.21428571428571427,21,784,-641,1,0,0,75.0,1.397017543859649,0
0,4,48.41,112,404,7,12,5,-292,11,0,4,2,0.2765432098765432,0.5384615384615384,5,5656,-5544,1,0,1,38.46153846153847,0.11953086419753085,0
0,7,149.37,449,301,12,20,8,148,8,0,3,1,1.4867549668874172,0.5714285714285714,8,4214,-3765,1,0,1,38.095238095238095,0.49460264900662254,0
1,3,88.32,512,41,4,5,1,471,11,4,4,0,12.19047619047619,0.6666666666666666,1,574,-62,1,0,1,16.666666666666664,2.1028571428571428,1
1,3,111.34,141,151,2,18,16,-10,1,2,1,1,0.9276315789473685,0.10526315789473684,16,2114,-1973,1,0,0,84.21052631578947,0.7325,0
1,5,153.7,576,107,5,8,3,469,10,2,4,2,5.333333333333333,0.5555555555555556,3,1498,-922,1,0,1,33.33333333333333,1.423148148148148,1
1,0,93.83,282,366,4,12,8,-84,6,4,2,1,0.7683923705722071,0.3076923076923077,8,5124,-4842,1,0,1,61.53846153846154,0.2556675749318801,0
0,3,131.57,186,251,1,28,27,-65,5,0,2,1,0.7380952380952381,0.034482758620689655,27,3514,-3328,1,0,0,93.10344827586206,0.5221031746031746,0
1,0,158.42,354,132,11,12,1,222,10,3,4,0,2.661654135338346,0.8461538461538461,1,1848,-1494,1,0,1,7.6923076923076925,1.1911278195488721,0
1,4,30.75,269,71,1,16,15,198,4,1,2,1,3.736111111111111,0.058823529411764705,15,994,-725,1,0,0,88.23529411764706,0.4270833333333333,0
1,8,52.39,173,424,3,20,17,-251,5,1,2,1,0.40705882352941175,0.14285714285714285,17,5936,-5763,1,0,0,80.95238095238095,0.12327058823529412,0
0,4,135.45,232,251,16,22,6,-19,8,4,3,1,0.9206349206349206,0.6956521739130435,6,3514,-3282,1,0,1,26.08695652173913,0.5375,0
0,6,195.35,563,60,13,21,8,503,5,5,2,1,9.229508196721312,0.5909090909090909,8,840,-277,1,0,1,36.36363636363637,3.2024590163934423,1
0,8,157.24,311,178,3,5,2,133,4,3,2,0,1.7374301675977655,0.5,2,2492,-2181,1,0,1,33.33333333333333,0.8784357541899442,0
1,8,180.87,103,111,15,20,5,-8,2,3,1,2,0.9196428571428571,0.7142857142857143,5,1554,-1451,1,0,1,23.809523809523807,1.6149107142857144,0
1,8,105.01,526,350,0,11,11,176,5,2,2,1,1.4985754985754987,0.0,11,4900,-4374,1,0,1,91.66666666666666,0.2991737891737892,0
1,6,90.81,275,165,1,5,4,110,4,1,2,2,1.6566265060240963,0.16666666666666666,4,2310,-2035,1,0,1,66.66666666666666,0.5470481927710843,0
1,1,112.96,561,383,20,22,2,178,1,2,1,0,1.4609375,0.8695652173913043,2,5362,-4801,1,0,1,8.695652173913043,0.29416666666666663,0
0,0,41.97,386,86,0,12,12,300,1,0,1,1,4.436781609195402,0.0,12,1204,-818,1,0,1,92.3076923076923,0.4824137931034483,1
1,3,137.15,441,36,5,11,6,405,5,6,2,1,11.91891891891892,0.4166666666666667,6,504,-63,1,0,1,50.0,3.7067567567567568,1
0,2,98.24,560,78,8,16,8,482,6,6,2,1,7.0886075949367084,0.47058823529411764,8,1092,-532,1,0,1,47.05882352941176,1.2435443037974683,1
0,1,184.61,512,161,14,20,6,351,6,3,2,1,3.1604938271604937,0.6666666666666666,6,2254,-1742,1,0,1,28.57142857142857,1.139567901234568,0
0,6,83.24,377,270,16,17,1,107,12,3,4,0,1.3911439114391144,0.8888888888888888,1,3780,-3403,1,0,1,5.555555555555555,0.30715867158671584,0
0,7,79.7,308,483,2,14,12,-175,10,6,4,1,0.6363636363636364,0.13333333333333333,12,6762,-6454,1,0,1,80.0,0.1646694214876033,0
1,0,101.24,172,232,17,29,12,-60,6,5,2,1,0.7381974248927039,0.5666666666666667,12,3248,-3076,1,0,1,40.0,0.43450643776824033,0
0,5,181.41,343,329,1,7,6,14,5,0,2,1,1.0393939393939393,0.125,6,4606,-4263,1,0,1,75.0,0.5497272727272727,0
0,0,86.88,117,84,5,7,2,33,10,3,4,2,1.3764705882352941,0.625,2,1176,-1059,1,0,1,25.0,1.0221176470588236,0
0,4,118.47,376,355,23,27,4,21,9,5,3,2,1.0561797752808988,0.8214285714285714,4,4970,-4594,1,0,1,14.285714285714285,0.3327808988764045,0
0,9,191.78,300,110,4,15,11,190,6,5,2,1,2.7027027027027026,0.25,11,1540,-1240,1,0,1,68.75,1.7277477477477479,0
1,5,36.06,354,368,20,29,9,-14,4,2,2,1,0.959349593495935,0.6666666666666666,9,5152,-4798,1,0,1,30.0,0.09772357723577237,0
0,0,185.33,198,221,4,5,1,-23,4,0,2,2,0.8918918918918919,0.6666666666666666,1,3094,-2896,1,0,1,16.666666666666664,0.8348198198198199,0
0,9,56.4,387,390,18,22,4,-3,7,6,3,2,0.989769820971867,0.782608695652174,4,5460,-5073,1,0,1,17.391304347826086,0.1442455242966752,0
1,0,124.5,178,335,2,28,26,-157,11,5,4,1,0.5297619047619048,0.06896551724137931,26,4690,-4512,1,0,0,89.65517241379311,0.3705357142857143,0
0,2,50.31,308,312,5,28,23,-4,6,0,2,1,0.9840255591054313,0.1724137931034483,23,4368,-4060,1,0,0,79.3103448275862,0.16073482428115016,0
0,6,56.21,147,204,6,20,14,-57,3,5,1,1,0.7170731707317073,0.2857142857142857,14,2856,-2709,1,0,0,66.66666666666666,0.27419512195121953,0
1,0,138.88,226,123,7,11,4,103,3,5,1,2,1.8225806451612903,0.5833333333333334,4,1722,-1496,1,0,1,33.33333333333333,1.1199999999999999,0
0,6,36.57,335,337,14,16,2,-2,9,0,3,2,0.9911242603550295,0.8235294117647058,2,4718,-4383,1,0,1,11.76470588235294,0.10819526627218935,0
0,2,168.27,72,302,10,29,19,-230,7,0,3,1,0.2376237623762376,0.3333333333333333,19,4228,-4156,1,0,0,63.33333333333333,0.5553465346534654,0
1,9,175.79,523,244,20,23,3,279,9,3,3,2,2.1346938775510202,0.8333333333333334,3,3416,-2893,1,0,1,12.5,0.7175102040816326,0
1,4,38.32,226,121,3,9,6,105,8,3,3,1,1.8524590163934427,0.3,6,1694,-1468,1,0,1,60.0,0.3140983606557377,0
0,8,79.16,412,466,10,14,4,-54,8,1,3,2,0.8822269807280514,0.6666666666666666,4,6524,-6112,1,0,1,26.666666666666668,0.16950749464668094,0
1,1,22.34,586,315,14,20,6,271,12,5,4,1,1.8544303797468353,0.6666666666666666,6,4410,-3824,1,0,1,28.57142857142857,0.07069620253164557,0
0,3,35.08,132,481,1,5,4,-349,10,1,4,2,0.27385892116182575,0.16666666666666666,4,6734,-6602,1,0,1,66.66666666666666,0.07278008298755187,0
0,1,195.36,330,384,15,29,14,-54,9,4,3,1,0.8571428571428571,0.5,14,5376,-5046,1,0,0,46.666666666666664,0.5074285714285715,0
1,5,162.35,373,394,20,28,8,-21,10,3,4,1,0.9443037974683545,0.6896551724137931,8,5516,-5143,1,0,1,27.586206896551722,0.4110126582278481,0
0,9,31.45,435,244,0,6,6,191,8,4,3,1,1.7755102040816326,0.0,6,3416,-2981,1,0,1,85.71428571428571,0.1283673469387755,0
0,1,65.25,142,49,8,19,11,93,8,4,3,1,2.84,0.4,11,686,-544,1,0,1,55.00000000000001,1.305,0
0,5,167.67,288,395,3,6,3,-107,6,3,2,2,0.7272727272727273,0.42857142857142855,3,5530,-5242,1,0,1,42.857142857142854,0.4234090909090909,0
0,7,79.57,230,390,20,29,9,-160,6,5,2,1,0.5882352941176471,0.6666666666666666,9,5460,-5230,1,0,1,30.0,0.20350383631713553,0
1,6,42.94,588,89,7,18,11,499,4,6,2,1,6.533333333333333,0.3684210526315789,11,1246,-658,1,0,1,57.89473684210527,0.4771111111111111,1
0,0,75.09,125,256,21,22,1,-131,10,3,4,2,0.48638132295719844,0.9130434782608695,1,3584,-3459,1,0,1,4.3478260869565215,0.29217898832684824,0
0,6,92.97,360,284,10,29,19,76,3,3,1,1,1.263157894736842,0.3333333333333333,19,3976,-3616,1,0,0,63.33333333333333,0.32621052631578945,0
1,1,98.02,324,167,16,23,7,157,5,6,2,1,1.9285714285714286,0.6666666666666666,7,2338,-2014,1,0,1,29.166666666666668,0.583452380952381,0
0,9,82.95,578,345,9,12,3,233,5,4,2,2,1.670520231213873,0.6923076923076923,3,4830,-4252,1,0,1,23.076923076923077,0.2397398843930636,0
0,7,156.73,117,216,6,10,4,-99,10,6,4,2,0.5391705069124424,0.5454545454545454,4,3024,-2907,1,0,1,36.36363636363637,0.722258064516129,0
1,0,90.11,486,463,14,23,9,23,4,1,2,1,1.0474137931034482,0.5833333333333334,9,6482,-5996,1,0,1,37.5,0.19420258620689654,0
0,9,168.2,458,439,0,9,9,19,7,4,3,1,1.040909090909091,0.0,9,6146,-5688,1,0,1,90.0,0.38227272727272726,0
0,1,155.63,398,83,14,27,13,315,4,5,2,1,4.738095238095238,0.5,13,1162,-764,1,0,1,46.42857142857143,1.8527380952380952,1
0,8,180.58,164,129,9,13,4,35,12,0,4,2,1.2615384615384615,0.6428571428571429,4,1806,-1642,1,0,1,28.57142857142857,1.389076923076923,0
1,0,122.4,420,54,2,5,3,366,9,1,3,2,7.636363636363637,0.3333333333333333,3,756,-336,1,0,1,50.0,2.2254545454545456,1
1,4,182.52,343,312,0,14,14,31,11,5,4,1,1.095846645367412,0.0,14,4368,-4025,1,0,0,93.33333333333333,0.5831309904153354,0
0,6,107.59,453,274,2,26,24,179,3,0,1,1,1.6472727272727272,0.07407407407407407,24,3836,-3383,1,0,0,88.88888888888889,0.39123636363636366,0
1,1,192.16,439,43,6,10,4,396,2,6,1,2,9.977272727272727,0.5454545454545454,4,602,-163,1,0,1,36.36363636363637,4.367272727272727,1
1,4,92.5,505,218,9,11,2,287,2,1,1,0,2.3059360730593608,0.75,2,3052,-2547,1,0,1,16.666666666666664,0.4223744292237443,0
1,5,21.1,592,376,16,17,1,216,7,5,3,0,1.570291777188329,0.8888888888888888,1,5264,-4672,1,0,1,5.555555555555555,0.055968169761273216,0
1,7,120.85,431,71,3,28,25,360,8,5,3,1,5.986111111111111,0.10344827586206896,25,994,-563,1,0,0,86.20689655172413,1.6784722222222221,1
0,3,58.84,409,336,2,7,5,73,8,0,3,2,1.2136498516320475,0.25,5,4704,-4295,1,0,1,62.5,0.17459940652818992,0
0,2,101.23,459,96,0,29,29,363,10,3,4,1,4.731958762886598,0.0,29,1344,-885,1,0,0,96.66666666666667,1.0436082474226804,1
1,8,60.25,178,374,7,23,16,-196,10,1,4,1,0.4746666666666667,0.2916666666666667,16,5236,-5058,1,0,0,66.66666666666666,0.16066666666666668,0
1,9,190.04,151,293,19,21,2,-142,5,1,2,2,0.5136054421768708,0.8636363636363636,2,4102,-3951,1,0,1,9.090909090909092,0.6463945578231293,0
0,6,95.32,437,55,17,27,10,382,6,2,2,1,7.803571428571429,0.6071428571428571,10,770,-333,1,0,1,35.714285714285715,1.702142857142857,1
1,6,144.03,252,488,16,21,5,-236,11,3,4,2,0.5153374233128835,0.7272727272727273,5,6832,-6580,1,0,1,22.727272727272727,0.2945398773006135,0
0,2,171.45,447,295,18,25,7,152,10,0,4,1,1.510135135135135,0.6923076923076923,7,4130,-3683,1,0,1,26.923076923076923,0.579222972972973,0
0,4,32.01,316,307,1,6,5,9,3,0,1,2,1.025974025974026,0.14285714285714285,5,4298,-3982,1,0,1,71.42857142857143,0.10392857142857143,0
0,0,163.84,155,280,26,27,1,-125,10,2,4,2,0.5516014234875445,0.9285714285714286,1,3920,-3765,1,0,1,3.571428571428571,0.5830604982206405,0
1,7,34.51,361,94,4,16,12,267,1,5,1,1,3.8,0.23529411764705882,12,1316,-955,1,0,1,70.58823529411765,0.36326315789473684,0
1,6,198.71,159,188,8,13,5,-29,5,0,2,2,0.8412698412698413,0.5714285714285714,5,2632,-2473,1,0,1,35.714285714285715,1.0513756613756615,0
0,3,107.49,112,186,11,22,11,-74,4,1,2,1,0.5989304812834224,0.4782608695652174,11,2604,-2492,1,0,1,47.82608695652174,0.574812834224599,0
1,9,139.01,474,31,1,7,6,443,3,4,1,1,14.8125,0.125,6,434,40,0,40,1,75.0,4.3440625,1
0,2,60.67,115,265,24,25,1,-150,8,3,3,2,0.4323308270676692,0.9230769230769231,1,3710,-3595,1,0,1,3.8461538461538463,0.2280827067669173,0
0,5,76.49,54,350,9,19,10,-296,5,1,2,1,0.15384615384615385,0.45,10,4900,-4846,1,0,1,50.0,0.21792022792022792,0
1,7,165.95,397,333,7,25,18,64,4,4,2,1,1.188622754491018,0.2692307692307692,18,4662,-4265,1,0,0,69.23076923076923,0.49685628742514965,0
0,3,81.22,528,354,3,13,10,174,11,2,4,1,1.4873239436619718,0.21428571428571427,10,4956,-4428,1,0,1,71.42857142857143,0.2287887323943662,0
0,5,54.23,398,70,1,14,13,328,6,1,2,1,5.605633802816901,0.06666666666666667,13,980,-582,1,0,1,86.66666666666667,0.7638028169014084,1
1,0,156.6,273,439,21,24,3,-166,3,4,1,2,0.6204545454545455,0.84,3,6146,-5873,1,0,1,12.0,0.3559090909090909,0
1,6,46.24,556,59,2,29,27,497,12,3,4,1,9.266666666666667,0.06666666666666667,27,826,-270,1,0,0,90.0,0.7706666666666667,1
0,5,121.54,184,166,13,23,10,18,11,0,4,1,1.1017964071856288,0.5416666666666666,10,2324,-2140,1,0,1,41.66666666666667,0.7277844311377246,0
0,0,82.19,314,166,1,20,19,148,3,6,1,1,1.8802395209580838,0.047619047619047616,19,2324,-2010,1,0,0,90.47619047619048,0.4921556886227545,0
0,1,66.87,444,126,21,29,8,318,8,0,3,1,3.4960629921259843,0.7,8,1764,-1320,1,0,1,26.666666666666668,0.5265354330708661,0
0,6,29.28,376,430,23,24,1,-54,7,6,3,2,0.8723897911832946,0.92,1,6020,-5644,1,0,1,4.0,0.06793503480278422,0
0,2,110.4,114,291,2,22,20,-177,4,6,2,1,0.3904109589041096,0.08695652173913043,20,4074,-3960,1,0,0,86.95652173913044,0.3780821917808219,0
0,2,116.04,357,279,16,19,3,78,6,5,2,2,1.275,0.8,3,3906,-3549,1,0,1,15.0,0.4144285714285714,0
1,8,49.7,359,237,7,26,19,122,3,1,1,1,1.5084033613445378,0.25925925925925924,19,3318,-2959,1,0,0,70.37037037037037,0.2088235294117647,0
0,4,77.66,384,260,20,27,7,124,11,3,4,1,1.471264367816092,0.7142857142857143,7,3640,-3256,1,0,1,25.0,0.2975478927203065,0
0,3,93.91,247,144,22,23,1,103,9,3,3,0,1.703448275862069,0.9166666666666666,1,2016,-1769,1,0,1,4.166666666666666,0.6476551724137931,0
0,3,80.26,543,324,11,12,1,219,5,0,2,0,1.6707692307692308,0.8461538461538461,1,4536,-3993,1,0,1,7.6923076923076925,0.24695384615384616,0
1,9,124.12,173,276,2,20,18,-103,9,4,3,1,0.6245487364620939,0.09523809523809523,18,3864,-3691,1,0,0,85.71428571428571,0.448086642599278,0
0,9,67.42,235,261,11,25,14,-26,4,0,2,1,0.8969465648854962,0.4230769230769231,14,3654,-3419,1,0,0,53.84615384615385,0.25732824427480916,0
0,7,24.97,163,172,9,19,10,-9,5,4,2,1,0.9421965317919075,0.45,10,2408,-2245,1,0,1,50.0,0.14433526011560693,0
1,1,174.35,471,249,10,11,1,222,6,6,2,0,1.884,0.8333333333333334,1,3486,-3015,1,0,1,8.333333333333332,0.6974,0
0,8,49.55,535,311,9,13,4,224,7,2,3,2,1.7147435897435896,0.6428571428571429,4,4354,-3819,1,0,1,28.57142857142857,0.15881410256410255,0
0,3,64.91,311,460,11,29,18,-149,12,0,4,1,0.6746203904555315,0.36666666666666664,18,6440,-6129,1,0,0,60.0,0.14080260303687636,0
0,4,37.55,238,329,8,11,3,-91,1,6,1,2,0.7212121212121212,0.6666666666666666,3,4606,-4368,1,0,1,25.0,0.11378787878787879,0
0,0,165.71,60,40,4,6,2,20,11,4,4,2,1.4634146341463414,0.5714285714285714,2,560,-500,1,0,1,28.57142857142857,4.041707317073171,0
1,3,139.96,155,97,9,12,3,58,4,3,2,2,1.5816326530612246,0.6923076923076923,3,1358,-1203,1,0,1,23.076923076923077,1.4281632653061225,0
1,2,42.89,81,488,2,10,8,-407,10,0,4,1,0.1656441717791411,0.18181818181818182,8,6832,-6751,1,0,1,72.72727272727273,0.08770961145194274,0
0,9,98.5,175,372,3,25,22,-197,12,5,4,1,0.4691689008042895,0.11538461538461539,22,5208,-5033,1,0,0,84.61538461538461,0.2640750670241287,0
1,9,34.25,334,303,18,23,5,31,4,6,2,2,1.0986842105263157,0.75,5,4242,-3908,1,0,1,20.833333333333336,0.11266447368421052,0
0,3,175.35,180,295,9,22,13,-115,12,4,4,1,0.6081081081081081,0.391304347826087,13,4130,-3950,1,0,1,56.52173913043478,0.5923986486486487,0
1,6,187.39,499,122,2,13,11,377,6,6,2,1,4.056910569105691,0.14285714285714285,11,1708,-1209,1,0,1,78.57142857142857,1.5234959349593495,1
0,8,192.66,418,147,1,20,19,271,8,4,3,1,2.824324324324324,0.047619047619047616,19,2058,-1640,1,0,0,90.47619047619048,1.3017567567567567,0
1,7,31.82,95,439,15,28,13,-344,10,0,4,1,0.2159090909090909,0.5172413793103449,13,6146,-6051,1,0,1,44.827586206896555,0.07231818181818182,0
0,5,130.7,405,233,8,13,5,172,10,3,4,2,1.7307692307692308,0.5714285714285714,5,3262,-2857,1,0,1,35.714285714285715,0.5585470085470085,0
0,4,116.92,230,51,10,28,18,179,4,1,2,1,4.423076923076923,0.3448275862068966,18,714,-484,1,0,0,62.06896551724138,2.2484615384615383,1
1,5,141.44,364,200,9,18,9,164,9,1,3,1,1.8109452736318408,0.47368421052631576,9,2800,-2436,1,0,1,47.368421052631575,0.703681592039801,0
1,0,142.9,584,498,10,14,4,86,4,4,2,2,1.1703406813627255,0.6666666666666666,4,6972,-6388,1,0,1,26.666666666666668,0.28637274549098196,0
0,0,43.81,350,192,8,22,14,158,10,5,4,1,1.8134715025906736,0.34782608695652173,14,2688,-2338,1,0,0,60.86956521739131,0.22699481865284976,0
1,0,94.86,180,240,25,26,1,-60,5,1,2,2,0.7468879668049793,0.9259259259259259,1,3360,-3180,1,0,1,3.7037037037037033,0.39360995850622404,0
1,5,83.97,599,132,14,18,4,467,9,0,3,2,4.503759398496241,0.7368421052631579,4,1848,-1249,1,0,1,21.052631578947366,0.6313533834586466,1
1,3,180.39,53,497,13,17,4,-444,2,3,1,2,0.10642570281124498,0.7222222222222222,4,6958,-6905,1,0,1,22.22222222222222,0.3622289156626506,0
0,2,131.89,541,132,2,5,3,409,5,4,2,2,4.067669172932331,0.3333333333333333,3,1848,-1307,1,0,1,50.0,0.9916541353383458,1
1,0,142.37,68,372,13,23,10,-304,5,4,2,1,0.18230563002680966,0.5416666666666666,10,5208,-5140,1,0,1,41.66666666666667,0.38168900804289546,0
0,4,197.78,329,50,4,24,20,279,4,5,2,1,6.450980392156863,0.16,20,700,-371,1,0,0,80.0,3.8780392156862744,1
0,3,170.13,81,46,11,21,10,35,10,5,4,1,1.7234042553191489,0.5,10,644,-563,1,0,1,45.45454545454545,3.619787234042553,0
1,3,167.75,120,39,3,19,16,81,9,6,3,1,3.0,0.15,16,546,-426,1,0,0,80.0,4.19375,0
1,5,162.55,447,98,2,20,18,349,7,4,3,1,4.515151515151516,0.09523809523809523,18,1372,-925,1,0,0,85.71428571428571,1.641919191919192,1
0,8,93.42,474,413,8,17,9,61,9,3,3,1,1.144927536231884,0.4444444444444444,9,5782,-5308,1,0,1,50.0,0.22565217391304349,0
0,7,75.11,215,61,7,9,2,154,11,0,4,0,3.467741935483871,0.7,2,854,-639,1,0,1,20.0,1.2114516129032258,0
0,2,81.33,54,465,12,25,13,-411,1,4,1,1,0.11587982832618025,0.46153846153846156,13,6510,-6456,1,0,1,50.0,0.17452789699570814,0
1,6,36.09,172,289,8,16,8,-117,9,1,3,1,0.593103448275862,0.47058823529411764,8,4046,-3874,1,0,1,47.05882352941176,0.12444827586206898,0
0,5,171.7,59,240,2,9,7,-181,7,6,3,1,0.24481327800829875,0.2,7,3360,-3301,1,0,1,70.0,0.7124481327800829,0
0,8,116.6,497,104,9,25,16,393,1,0,1,1,4.733333333333333,0.34615384615384615,16,1456,-959,1,0,0,61.53846153846154,1.1104761904761904,1
0,9,116.07,145,143,1,17,16,2,6,3,2,1,1.0069444444444444,0.05555555555555555,16,2002,-1857,1,0,0,88.88888888888889,0.8060416666666667,0
1,1,179.54,519,164,12,14,2,355,1,0,1,0,3.1454545454545455,0.8,2,2296,-1777,1,0,1,13.333333333333334,1.088121212121212,0
1,4,122.64,517,36,16,21,5,481,5,2,2,2,13.972972972972974,0.7272727272727273,5,504,13,0,13,1,22.727272727272727,3.3145945945945945,1
0,8,31.45,265,257,4,6,2,8,10,2,4,2,1.0271317829457365,0.5714285714285714,2,3598,-3333,1,0,1,28.57142857142857,0.12189922480620155,0
1,3,58.04,362,412,14,21,7,-50,6,5,2,1,0.8765133171912833,0.6363636363636364,7,5768,-5406,1,0,1,31.818181818181817,0.14053268765133173,0
1,4,169.55,104,105,10,11,1,-1,3,1,1,2,0.9811320754716981,0.8333333333333334,1,1470,-1366,1,0,1,8.333333333333332,1.5995283018867925,0
1,8,28.69,127,204,4,7,3,-77,6,5,2,2,0.6195121951219512,0.5,3,2856,-2729,1,0,1,37.5,0.13995121951219514,0
0,0,111.11,90,393,1,11,10,-303,11,0,4,1,0.22842639593908629,0.08333333333333333,10,5502,-5412,1,0,1,83.33333333333334,0.282005076142132,0
1,7,75.68,115,154,4,15,11,-39,3,5,1,1,0.7419354838709677,0.25,11,2156,-2041,1,0,1,68.75,0.4882580645161291,0
0,9,75.84,151,438,16,17,1,-287,2,6,1,2,0.3439635535307517,0.8888888888888888,1,6132,-5981,1,0,1,5.555555555555555,0.17275626423690205,0
0,2,27.09,59,185,22,24,2,-126,5,2,2,2,0.3172043010752688,0.88,2,2590,-2531,1,0,1,8.0,0.14564516129032257,0
1,9,187.81,525,441,7,14,7,84,2,3,1,1,1.1877828054298643,0.4666666666666667,7,6174,-5649,1,0,1,46.666666666666664,0.42490950226244345,0
0,9,89.13,57,73,0,7,7,-16,2,4,1,1,0.7702702702702703,0.0,7,1022,-965,1,0,1,87.5,1.2044594594594593,0
0,7,101.66,304,454,3,29,26,-150,10,0,4,1,0.6681318681318681,0.1,26,6356,-6052,1,0,0,86.66666666666667,0.22342857142857142,0
1,7,128.58,82,113,14,16,2,-31,12,0,4,2,0.7192982456140351,0.8235294117647058,2,1582,-1500,1,0,1,11.76470588235294,1.1278947368421053,0
1,6,37.01,572,307,0,22,22,265,7,1,3,1,1.8571428571428572,0.0,22,4298,-3726,1,0,0,95.65217391304348,0.12016233766233765,0
0,7,169.59,167,279,7,13,6,-112,12,0,4,1,0.5964285714285714,0.5,6,3906,-3739,1,0,1,42.857142857142854,0.6056785714285714,0
1,9,70.77,114,272,0,8,8,-158,12,3,4,1,0.4175824175824176,0.0,8,3808,-3694,1,0,1,88.88888888888889,0.2592307692307692,0
1,2,121.84,403,345,4,12,8,58,4,2,2,1,1.1647398843930636,0.3076923076923077,8,4830,-4427,1,0,1,61.53846153846154,0.3521387283236994,0
0,0,36.16,209,94,21,27,6,115,12,0,4,1,2.2,0.75,6,1316,-1107,1,0,1,21.428571428571427,0.3806315789473684,0
0,9,186.11,203,135,5,15,10,68,4,6,2,1,1.4926470588235294,0.3125,10,1890,-1687,1,0,1,62.5,1.3684558823529414,0
1,8,45.91,338,182,5,10,5,156,9,6,3,2,1.8469945355191257,0.45454545454545453,5,2548,-2210,1,0,1,45.45454545454545,0.2508743169398907,0
1,0,75.92,96,87,9,15,6,9,12,1,4,1,1.0909090909090908,0.5625,6,1218,-1122,1,0,1,37.5,0.8627272727272728,0
0,5,101.29,322,362,17,22,5,-40,7,6,3,2,0.8870523415977961,0.7391304347826086,5,5068,-4746,1,0,1,21.73913043478261,0.2790358126721763,0
0,6,187.99,290,120,1,17,16,170,3,2,1,1,2.396694214876033,0.05555555555555555,16,1680,-1390,1,0,0,88.88888888888889,1.5536363636363637,0
0,4,101.35,446,229,4,8,4,217,8,2,3,2,1.9391304347826086,0.4444444444444444,4,3206,-2760,1,0,1,44.44444444444444,0.44065217391304345,0
0,5,130.51,409,246,4,5,1,163,1,6,1,0,1.6558704453441295,0.6666666666666666,1,3444,-3035,1,0,1,16.666666666666664,0.5283805668016194,0
0,9,37.15,77,490,10,26,16,-413,8,1,3,1,0.15682281059063136,0.37037037037037035,16,6860,-6783,1,0,0,59.25925925925925,0.07566191446028513,0
0,8,198.93,189,144,3,13,10,45,6,3,2,1,1.303448275862069,0.21428571428571427,10,2016,-1827,1,0,1,71.42857142857143,1.3719310344827587,0
0,9,159.91,158,421,14,15,1,-263,10,1,4,2,0.3744075829383886,0.875,1,5894,-5736,1,0,1,6.25,0.3789336492890995,0
0,2,103.17,238,64,3,13,10,174,1,0,1,1,3.6615384615384614,0.21428571428571427,10,896,-658,1,0,1,71.42857142857143,1.5872307692307692,0
1,7,176.58,578,53,3,7,4,525,3,4,1,2,10.703703703703704,0.375,4,742,-164,1,0,1,50.0,3.27,1
1,9,59.91,457,274,5,7,2,183,8,5,3,0,1.6618181818181819,0.625,2,3836,-3379,1,0,1,25.0,0.21785454545454544,0
1,1,120.26,134,39,6,23,17,95,10,5,4,1,3.35,0.25,17,546,-412,1,0,0,70.83333333333334,3.0065,0
1,1,21.98,311,393,11,20,9,-82,9,4,3,1,0.7893401015228426,0.5238095238095238,9,5502,-5191,1,0,1,42.857142857142854,0.055786802030456856,0
1,3,24.11,367,37,14,15,1,330,7,3,3,0,9.657894736842104,0.875,1,518,-151,1,0,1,6.25,0.6344736842105263,1
1,9,63.09,421,328,13,15,2,93,6,6,2,0,1.2796352583586625,0.8125,2,4592,-4171,1,0,1,12.5,0.19176291793313072,0
1,9,134.39,574,292,0,7,7,282,6,2,2,1,1.9590443686006827,0.0,7,4088,-3514,1,0,1,87.5,0.4586689419795221,0
1,6,83.28,165,428,7,20,13,-263,8,1,3,1,0.38461538461538464,0.3333333333333333,13,5992,-5827,1,0,1,61.904761904761905,0.19412587412587412,0
1,6,31.92,67,203,8,11,3,-136,11,4,4,2,0.3284313725490196,0.6666666666666666,3,2842,-2775,1,0,1,25.0,0.15647058823529414,0
1,5,76.59,517,334,6,13,7,183,8,4,3,1,1.5432835820895523,0.42857142857142855,7,4676,-4159,1,0,1,50.0,0.2286268656716418,0
1,2,82.77,265,87,0,10,10,178,12,1,4,1,3.0113636363636362,0.0,10,1218,-953,1,0,1,90.9090909090909,0.9405681818181818,0
0,0,180.55,534,293,6,20,14,241,1,3,1,1,1.816326530612245,0.2857142857142857,14,4102,-3568,1,0,0,66.66666666666666,0.6141156462585035,0
0,1,125.49,100,180,6,8,2,-80,6,1,2,2,0.5524861878453039,0.6666666666666666,2,2520,-2420,1,0,1,22.22222222222222,0.6933149171270718,0
1,7,49.27,456,105,3,19,16,351,5,3,2,1,4.30188679245283,0.15,16,1470,-1014,1,0,0,80.0,0.464811320754717,1
0,7,124.42,180,44,0,6,6,136,5,2,2,1,4.0,0.0,6,616,-436,1,0,1,85.71428571428571,2.7648888888888887,1
1,0,189.31,193,104,0,24,24,89,5,4,2,1,1.838095238095238,0.0,24,1456,-1263,1,0,0,96.0,1.802952380952381,0
1,4,64.86,267,382,7,13,6,-115,7,2,3,1,0.6971279373368147,0.5,6,5348,-5081,1,0,1,42.857142857142854,0.1693472584856397,0
0,3,54.07,263,81,3,21,18,182,2,2,1,1,3.207317073170732,0.13636363636363635,18,1134,-871,1,0,0,81.81818181818183,0.659390243902439,0
0,1,142.75,481,380,5,10,5,101,2,2,1,2,1.26246719160105,0.45454545454545453,5,5320,-4839,1,0,1,45.45454545454545,0.3746719160104987,0
1,6,131.1,352,88,1,27,26,264,10,6,4,1,3.955056179775281,0.03571428571428571,26,1232,-880,1,0,0,92.85714285714286,1.4730337078651685,0
1,8,111.35,579,62,23,26,3,517,10,1,4,2,9.19047619047619,0.8518518518518519,3,868,-289,1,0,1,11.11111111111111,1.7674603174603174,1
0,6,127.55,169,283,17,20,3,-114,12,4,4,2,0.5950704225352113,0.8095238095238095,3,3962,-3793,1,0,1,14.285714285714285,0.44911971830985914,0
1,1,147.57,51,268,10,21,11,-217,11,1,4,1,0.1895910780669145,0.45454545454545453,11,3752,-3701,1,0,1,50.0,0.5485873605947955,0
1,0,39.55,429,253,5,25,20,176,8,6,3,1,1.688976377952756,0.19230769230769232,20,3542,-3113,1,0,0,76.92307692307693,0.1557086614173228,0
0,2,75.68,387,73,17,25,8,314,10,5,4,1,5.22972972972973,0.6538461538461539,8,1022,-635,1,0,1,30.76923076923077,1.0227027027027027,1
0,7,26.03,374,239,6,15,9,135,2,0,1,1,1.5583333333333333,0.375,9,3346,-2972,1,0,1,56.25,0.10845833333333334,0
0,5,131.54,101,328,0,7,7,-227,11,2,4,1,0.3069908814589666,0.0,7,4592,-4491,1,0,1,87.5,0.3998176291793313,0
1,0,130.46,520,183,0,28,28,337,7,3,3,1,2.8260869565217392,0.0,28,2562,-2042,1,0,0,96.55172413793103,0.7090217391304349,0
0,3,151.7,385,190,12,15,3,195,11,5,4,2,2.0157068062827226,0.75,3,2660,-2275,1,0,1,18.75,0.794240837696335,0
1,1,128.87,209,168,20,21,1,41,8,4,3,2,1.2366863905325445,0.9090909090909091,1,2352,-2143,1,0,1,4.545454545454546,0.7625443786982249,0
1,3,75.67,366,321,8,10,2,45,11,1,4,2,1.1366459627329193,0.7272727272727273,2,4494,-4128,1,0,1,18.181818181818183,0.23500000000000001,0
0,6,87.47,241,475,15,20,5,-234,7,0,3,2,0.5063025210084033,0.7142857142857143,5,6650,-6409,1,0,1,23.809523809523807,0.18376050420168066,0
1,4,63.62,71,262,7,16,9,-191,4,5,2,1,0.26996197718631176,0.4117647058823529,9,3668,-3597,1,0,1,52.94117647058824,0.24190114068441063,0
0,4,154.42,578,346,14,27,13,232,10,0,4,1,1.6657060518731988,0.5,13,4844,-4266,1,0,1,46.42857142857143,0.445014409221902,0
1,0,159.68,510,302,7,19,12,208,2,4,1,1,1.683168316831683,0.35,12,4228,-3718,1,0,1,60.0,0.526996699669967,0
1,4,70.74,319,419,5,20,15,-100,9,1,3,1,0.7595238095238095,0.23809523809523808,15,5866,-5547,1,0,0,71.42857142857143,0.16842857142857143,0
1,3,93.56,269,79,4,11,7,190,8,4,3,1,3.3625,0.3333333333333333,7,1106,-837,1,0,1,58.333333333333336,1.1695,0
0,5,53.01,185,240,14,15,1,-55,12,1,4,2,0.7676348547717843,0.875,1,3360,-3175,1,0,1,6.25,0.21995850622406637,0
1,8,78.12,100,138,7,12,5,-38,8,3,3,2,0.7194244604316546,0.5384615384615384,5,1932,-1832,1,0,1,38.46153846153847,0.5620143884892087,0
1,2,74.28,578,30,23,28,5,548,4,3,2,2,18.64516129032258,0.7931034482758621,5,420,158,0,158,1,17.24137931034483,2.3961290322580644,1
1,0,103.71,597,277,6,23,17,320,1,5,1,1,2.147482014388489,0.25,17,3878,-3281,1,0,0,70.83333333333334,0.3730575539568345,0
1,1,23.03,479,113,5,23,18,366,10,4,4,1,4.201754385964913,0.20833333333333334,18,1582,-1103,1,0,0,75.0,0.20201754385964912,1
1,8,119.12,126,282,15,21,6,-156,7,1,3,1,0.4452296819787986,0.6818181818181818,6,3948,-3822,1,0,1,27.27272727272727,0.42091872791519436,0
0,2,176.0,55,420,11,19,8,-365,10,6,4,1,0.13064133016627077,0.55,8,5880,-5825,1,0,1,40.0,0.4180522565320665,0
1,8,22.68,474,237,15,18,3,237,9,6,3,2,1.9915966386554622,0.7894736842105263,3,3318,-2844,1,0,1,15.789473684210526,0.09529411764705882,0
1,2,187.77,431,227,14,28,14,204,11,3,4,1,1.8903508771929824,0.4827586206896552,14,3178,-2747,1,0,0,48.275862068965516,0.8235526315789474,0
0,5,48.97,136,290,7,29,22,-154,12,3,4,1,0.46735395189003437,0.23333333333333334,22,4060,-3924,1,0,0,73.33333333333333,0.16828178694158075,0
0,8,160.58,519,246,0,23,23,273,6,5,2,1,2.1012145748987856,0.0,23,3444,-2925,1,0,0,95.83333333333334,0.6501214574898786,0
1,7,67.18,259,126,10,12,2,133,8,5,3,0,2.0393700787401574,0.7692307692307693,2,1764,-1505,1,0,1,15.384615384615385,0.528976377952756,0
1,5,90.07,293,373,3,21,18,-80,7,3,3,1,0.7834224598930482,0.13636363636363635,18,5222,-4929,1,0,0,81.81818181818183,0.24082887700534758,0
0,7,120.93,109,374,4,22,18,-265,12,1,4,1,0.2906666666666667,0.17391304347826086,18,5236,-5127,1,0,0,78.26086956521739,0.32248000000000004,0
1,8,193.53,252,66,3,12,9,186,12,0,4,1,3.7611940298507465,0.23076923076923078,9,924,-672,1,0,1,69.23076923076923,2.888507462686567,0
0,0,136.72,219,329,0,12,12,-110,3,5,1,1,0.6636363636363637,0.0,12,4606,-4387,1,0,1,92.3076923076923,0.4143030303030303,0
0,5,119.62,371,252,8,27,19,119,12,4,4,1,1.466403162055336,0.2857142857142857,19,3528,-3157,1,0,0,67.85714285714286,0.47280632411067197,0
0,1,115.0,463,427,5,20,15,36,8,6,3,1,1.0817757009345794,0.23809523809523808,15,5978,-5515,1,0,0,71.42857142857143,0.26869158878504673,0
0,2,191.65,266,172,10,25,15,94,4,1,2,1,1.5375722543352601,0.38461538461538464,15,2408,-2142,1,0,0,57.692307692307686,1.1078034682080926,0
1,4,198.35,216,427,4,7,3,-211,7,5,3,2,0.5046728971962616,0.5,3,5978,-5762,1,0,1,37.5,0.4634345794392523,0
0,2,31.61,428,279,9,14,5,149,6,1,2,2,1.5285714285714285,0.6,5,3906,-3478,1,0,1,33.33333333333333,0.11289285714285714,0
1,6,129.2,280,197,7,10,3,83,7,1,3,2,1.4141414141414141,0.6363636363636364,3,2758,-2478,1,0,1,27.27272727272727,0.6525252525252525,0
0,1,178.97,507,481,3,18,15,26,11,2,4,1,1.0518672199170125,0.15789473684210525,15,6734,-6227,1,0,0,78.94736842105263,0.3713070539419087,0
1,3,191.88,339,173,12,27,15,166,1,1,1,1,1.9482758620689655,0.42857142857142855,15,2422,-2083,1,0,0,53.57142857142857,1.1027586206896551,0
0,2,77.82,277,328,24,26,2,-51,12,0,4,2,0.8419452887537994,0.8888888888888888,2,4592,-4315,1,0,1,7.4074074074074066,0.2365349544072948,0
0,7,176.4,320,457,13,26,13,-137,4,2,2,1,0.6986899563318777,0.48148148148148145,13,6398,-6078,1,0,1,48.148148148148145,0.3851528384279476,0
1,7,91.69,542,412,1,15,14,130,8,1,3,1,1.3123486682808716,0.0625,14,5768,-5226,1,0,0,87.5,0.2220096852300242,0
1,3,150.89,501,330,10,20,10,171,8,5,3,1,1.513595166163142,0.47619047619047616,10,4620,-4119,1,0,1,47.61904761904761,0.4558610271903323,0
0,9,96.29,284,458,4,5,1,-174,4,5,2,2,0.6187363834422658,0.6666666666666666,1,6412,-6128,1,0,1,16.666666666666664,0.20978213507625273,0
0,8,187.66,492,323,6,12,6,169,4,2,2,1,1.5185185185185186,0.46153846153846156,6,4522,-4030,1,0,1,46.15384615384615,0.5791975308641976,0
0,3,166.2,268,371,3,13,10,-103,4,2,2,1,0.7204301075268817,0.21428571428571427,10,5194,-4926,1,0,1,71.42857142857143,0.44677419354838704,0
0,0,106.1,399,277,17,23,6,122,12,6,4,1,1.435251798561151,0.7083333333333334,6,3878,-3479,1,0,1,25.0,0.3816546762589928,0
1,5,52.87,234,45,8,10,2,189,11,4,4,0,5.086956521739131,0.7272727272727273,2,630,-396,1,0,1,18.181818181818183,1.1493478260869565,1
0,6,158.96,439,101,14,27,13,338,11,1,4,1,4.303921568627451,0.5,13,1414,-975,1,0,1,46.42857142857143,1.5584313725490198,1
1,0,87.93,505,176,2,6,4,329,1,5,1,2,2.853107344632768,0.2857142857142857,4,2464,-1959,1,0,1,57.14285714285714,0.4967796610169492,0
1,7,103.3,160,435,6,24,18,-275,12,0,4,1,0.3669724770642202,0.24,18,6090,-5930,1,0,0,72.0,0.23692660550458716,0
0,0,148.99,274,496,6,28,22,-222,1,0,1,1,0.5513078470824949,0.20689655172413793,22,6944,-6670,1,0,0,75.86206896551724,0.29977867203219316,0
1,4,31.75,321,237,3,15,12,84,11,5,4,1,1.3487394957983194,0.1875,12,3318,-2997,1,0,1,75.0,0.1334033613445378,0
0,8,173.8,538,403,7,29,22,135,2,2,1,1,1.3316831683168318,0.23333333333333334,22,5642,-5104,1,0,0,73.33333333333333,0.43019801980198025,0
1,2,55.77,302,345,4,24,20,-43,4,1,2,1,0.8728323699421965,0.16,20,4830,-4528,1,0,0,80.0,0.1611849710982659,0
1,1,116.24,253,41,6,19,13,212,8,1,3,1,6.023809523809524,0.3,13,574,-321,1,0,1,65.0,2.7676190476190476,1
0,5,120.24,514,334,1,12,11,180,6,6,2,1,1.5343283582089553,0.07692307692307693,11,4676,-4162,1,0,1,84.61538461538461,0.3589253731343283,0
0,6,29.14,391,461,4,7,3,-70,4,4,2,2,0.8463203463203464,0.5,3,6454,-6063,1,0,1,37.5,0.06307359307359307,0
1,3,114.33,369,174,2,8,6,195,7,0,3,1,2.1085714285714285,0.2222222222222222,6,2436,-2067,1,0,1,66.66666666666666,0.6533142857142857,0
0,7,176.97,347,349,3,5,2,-2,10,2,4,2,0.9914285714285714,0.5,2,4886,-4539,1,0,1,33.33333333333333,0.5056285714285714,0
1,0,44.16,397,421,4,6,2,-24,9,0,3,2,0.9407582938388626,0.5714285714285714,2,5894,-5497,1,0,1,28.57142857142857,0.10464454976303317,0
0,5,58.22,587,137,2,9,7,450,3,1,1,1,4.253623188405797,0.2,7,1918,-1331,1,0,1,70.0,0.42188405797101447,1
0,0,114.55,503,251,12,18,6,252,7,2,3,1,1.996031746031746,0.631578947368421,6,3514,-3011,1,0,1,31.57894736842105,0.45456349206349206,0
1,8,54.42,574,157,10,11,1,417,3,2,1,0,3.632911392405063,0.8333333333333334,1,2198,-1624,1,0,1,8.333333333333332,0.34443037974683544,0
0,1,122.3,150,273,7,12,5,-123,4,5,2,2,0.5474452554744526,0.5384615384615384,5,3822,-3672,1,0,1,38.46153846153847,0.44635036496350367,0
0,5,183.51,578,141,10,15,5,437,1,5,1,2,4.070422535211268,0.625,5,1974,-1396,1,0,1,31.25,1.2923239436619718,1
0,5,96.99,146,339,20,28,8,-193,6,0,2,1,0.4294117647058823,0.6896551724137931,8,4746,-4600,1,0,1,27.586206896551722,0.2852647058823529,0
0,6,63.98,279,388,11,18,7,-109,12,1,4,1,0.7172236503856041,0.5789473684210527,7,5432,-5153,1,0,1,36.84210526315789,0.16447300771208226,0
1,2,150.75,218,488,5,14,9,-270,8,4,3,1,0.4458077709611452,0.3333333333333333,9,6832,-6614,1,0,1,60.0,0.30828220858895705,0
0,9,25.96,455,345,22,23,1,110,10,0,4,0,1.3150289017341041,0.9166666666666666,1,4830,-4375,1,0,1,4.166666666666666,0.07502890173410405,0
1,2,182.59,373,104,13,15,2,269,12,3,4,0,3.552380952380952,0.8125,2,1456,-1083,1,0,1,12.5,1.738952380952381,0
1,4,179.65,164,299,3,8,5,-135,8,2,3,2,0.5466666666666666,0.3333333333333333,5,4186,-4022,1,0,1,55.55555555555556,0.5988333333333333,0
1,7,35.89,138,344,11,25,14,-206,3,4,1,1,0.4,0.4230769230769231,14,4816,-4678,1,0,0,53.84615384615385,0.10402898550724637,0
1,3,115.99,265,68,11,19,8,197,10,6,4,1,3.8405797101449277,0.55,8,952,-687,1,0,1,40.0,1.681014492753623,0
0,5,33.49,538,497,0,11,11,41,2,4,1,1,1.0803212851405624,0.0,11,6958,-6420,1,0,1,91.66666666666666,0.06724899598393574,0
1,2,97.89,142,44,19,23,4,98,5,0,2,2,3.1555555555555554,0.7916666666666666,4,616,-474,1,0,1,16.666666666666664,2.1753333333333336,0
1,9,33.25,330,73,10,20,10,257,12,3,4,1,4.45945945945946,0.47619047619047616,10,1022,-692,1,0,1,47.61904761904761,0.44932432432432434,1
0,7,46.2,487,256,2,5,3,231,1,3,1,2,1.894941634241245,0.3333333333333333,3,3584,-3097,1,0,1,50.0,0.17976653696498054,0
1,6,130.35,107,43,0,5,5,64,6,4,2,2,2.4318181818181817,0.0,5,602,-495,1,0,1,83.33333333333334,2.9625,0
1,1,62.9,76,455,3,13,10,-379,10,0,4,1,0.16666666666666666,0.21428571428571427,10,6370,-6294,1,0,1,71.42857142857143,0.13793859649122805,0
1,8,20.46,230,413,20,23,3,-183,8,2,3,2,0.5555555555555556,0.8333333333333334,3,5782,-5552,1,0,1,12.5,0.04942028985507246,0
1,8,20.44,207,141,0,15,15,66,5,0,2,1,1.4577464788732395,0.0,15,1974,-1767,1,0,0,93.75,0.143943661971831,0
1,5,138.8,253,46,2,14,12,207,1,0,1,1,5.382978723404255,0.13333333333333333,12,644,-391,1,0,1,80.0,2.953191489361702,1
0,5,35.53,126,46,5,20,15,80,10,5,4,1,2.6808510638297873,0.23809523809523808,15,644,-518,1,0,0,71.42857142857143,0.7559574468085106,0
0,7,94.53,513,208,16,25,9,305,1,1,1,1,2.4545454545454546,0.6153846153846154,9,2912,-2399,1,0,1,34.61538461538461,0.45229665071770336,0
0,9,111.48,302,257,0,18,18,45,4,5,2,1,1.1705426356589148,0.0,18,3598,-3296,1,0,0,94.73684210526315,0.43209302325581395,0
1,8,160.04,243,397,8,17,9,-154,12,4,4,1,0.6105527638190955,0.4444444444444444,9,5558,-5315,1,0,1,50.0,0.4021105527638191,0
0,0,196.87,187,391,13,18,5,-204,10,4,4,2,0.4770408163265306,0.6842105263157895,5,5474,-5287,1,0,1,26.31578947368421,0.502219387755102,0
0,3,157.4,548,341,4,15,11,207,1,2,1,1,1.6023391812865497,0.25,11,4774,-4226,1,0,1,68.75,0.460233918128655,0
1,3,85.02,329,131,26,29,3,198,5,6,2,2,2.492424242424242,0.8666666666666667,3,1834,-1505,1,0,1,10.0,0.644090909090909,0
1,5,27.88,156,261,7,21,14,-105,9,1,3,1,0.5954198473282443,0.3181818181818182,14,3654,-3498,1,0,0,63.63636363636363,0.106412213740458,0
1,2,185.87,243,326,10,20,10,-83,4,3,2,1,0.7431192660550459,0.47619047619047616,10,4564,-4321,1,0,1,47.61904761904761,0.5684097859327217,0
0,6,95.7,70,364,8,13,5,-294,2,0,1,2,0.1917808219178082,0.5714285714285714,5,5096,-5026,1,0,1,35.714285714285715,0.2621917808219178,0
0,0,169.95,188,225,1,11,10,-37,12,6,4,1,0.831858407079646,0.08333333333333333,10,3150,-2962,1,0,1,83.33333333333334,0.7519911504424778,0
0,6,139.37,297,65,13,24,11,232,3,3,1,1,4.5,0.52,11,910,-613,1,0,1,44.0,2.111666666666667,1
0,1,67.94,256,86,3,8,5,170,6,5,2,2,2.942528735632184,0.3333333333333333,5,1204,-948,1,0,1,55.55555555555556,0.7809195402298851,0
0,7,100.59,511,345,11,18,7,166,7,2,3,1,1.476878612716763,0.5789473684210527,7,4830,-4319,1,0,1,36.84210526315789,0.29072254335260117,0
0,9,172.99,59,446,25,27,2,-387,8,6,3,2,0.1319910514541387,0.8928571428571429,2,6244,-6185,1,0,1,7.142857142857142,0.38700223713646537,0
1,9,124.1,265,321,9,18,9,-56,3,4,1,1,0.8229813664596274,0.47368421052631576,9,4494,-4229,1,0,1,47.368421052631575,0.3854037267080745,0
1,0,157.38,461,494,20,24,4,-33,11,0,4,2,0.9313131313131313,0.8,4,6916,-6455,1,0,1,16.0,0.3179393939393939,0
1,1,177.27,350,107,4,12,8,243,10,6,4,1,3.240740740740741,0.3076923076923077,8,1498,-1148,1,0,1,61.53846153846154,1.641388888888889,0
1,5,129.13,184,464,8,11,3,-280,9,6,3,2,0.3956989247311828,0.6666666666666666,3,6496,-6312,1,0,1,25.0,0.2776989247311828,0
1,1,29.5,116,62,4,6,2,54,7,5,3,2,1.8412698412698412,0.5714285714285714,2,868,-752,1,0,1,28.57142857142857,0.46825396825396826,0
1,6,27.88,576,379,21,27,6,197,7,1,3,1,1.5157894736842106,0.75,6,5306,-4730,1,0,1,21.428571428571427,0.07336842105263158,0
1,5,29.48,596,166,0,9,9,430,9,0,3,1,3.568862275449102,0.0,9,2324,-1728,1,0,1,90.0,0.17652694610778444,0
1,4,49.01,324,347,16,19,3,-23,4,6,2,2,0.9310344827586207,0.8,3,4858,-4534,1,0,1,15.0,0.14083333333333334,0
1,7,110.6,424,405,0,8,8,19,7,0,3,1,1.0443349753694582,0.0,8,5670,-5246,1,0,1,88.88888888888889,0.27241379310344827,0
1,0,144.31,175,429,2,6,4,-254,4,4,2,2,0.4069767441860465,0.2857142857142857,4,6006,-5831,1,0,1,57.14285714285714,0.3356046511627907,0
0,9,133.15,191,138,15,25,10,53,12,0,4,1,1.3741007194244603,0.5769230769230769,10,1932,-1741,1,0,1,38.46153846153847,0.9579136690647483,0
1,6,54.89,147,389,2,7,5,-242,4,4,2,2,0.3769230769230769,0.25,5,5446,-5299,1,0,1,62.5,0.14074358974358975,0
0,7,37.91,180,360,16,26,10,-180,3,6,1,1,0.4986149584487535,0.5925925925925926,10,5040,-4860,1,0,1,37.03703703703704,0.10501385041551245,0
1,9,173.2,257,368,3,6,3,-111,5,6,2,2,0.6964769647696477,0.42857142857142855,3,5152,-4895,1,0,1,42.857142857142854,0.46937669376693764,0
0,0,126.55,449,488,8,13,5,-39,1,5,1,2,0.918200408997955,0.5714285714285714,5,6832,-6383,1,0,1,35.714285714285715,0.2587934560327198,0
0,4,156.25,178,313,13,29,16,-135,7,6,3,1,0.5668789808917197,0.43333333333333335,16,4382,-4204,1,0,0,53.333333333333336,0.49761146496815284,0
1,4,36.93,555,208,16,17,1,347,10,4,4,0,2.6555023923444976,0.8888888888888888,1,2912,-2357,1,0,1,5.555555555555555,0.17669856459330144,0
1,0,144.98,250,193,6,9,3,57,12,3,4,2,1.288659793814433,0.6,3,2702,-2452,1,0,1,30.0,0.747319587628866,0
1,0,37.85,149,263,7,18,11,-114,4,0,2,1,0.5643939393939394,0.3684210526315789,11,3682,-3533,1,0,1,57.89473684210527,0.14337121212121212,0
0,7,44.06,233,267,10,15,5,-34,5,2,2,2,0.8694029850746269,0.625,5,3738,-3505,1,0,1,31.25,0.16440298507462686,0
1,5,61.46,66,417,12,27,15,-351,11,4,4,1,0.15789473684210525,0.42857142857142855,15,5838,-5772,1,0,0,53.57142857142857,0.14703349282296652,0
1,7,99.23,120,191,2,19,17,-71,6,5,2,1,0.625,0.1,17,2674,-2554,1,0,0,85.0,0.5168229166666667,0
0,2,74.66,544,417,13,19,6,127,5,5,2,1,1.3014354066985645,0.65,6,5838,-5294,1,0,1,30.0,0.17861244019138756,0
1,3,180.07,320,151,3,11,8,169,12,2,4,1,2.1052631578947367,0.25,8,2114,-1794,1,0,1,66.66666666666666,1.184671052631579,0
0,8,194.17,181,359,18,21,3,-178,12,6,4,2,0.5027777777777778,0.8181818181818182,3,5026,-4845,1,0,1,13.636363636363635,0.5393611111111111,0
0,5,63.2,313,418,12,14,2,-105,3,1,1,2,0.747016706443914,0.8,2,5852,-5539,1,0,1,13.333333333333334,0.15083532219570406,0
1,0,46.11,192,340,6,27,21,-148,4,0,2,1,0.5630498533724341,0.21428571428571427,21,4760,-4568,1,0,0,75.0,0.1352199413489736,0
1,9,68.03,329,366,11,23,12,-37,1,0,1,1,0.896457765667575,0.4583333333333333,12,5124,-4795,1,0,1,50.0,0.18536784741144413,0
0,1,101.81,454,172,6,16,10,282,10,1,4,1,2.6242774566473988,0.35294117647058826,10,2408,-1954,1,0,1,58.82352941176471,0.5884971098265896,0
1,9,88.03,73,288,10,28,18,-215,8,6,3,1,0.25259515570934254,0.3448275862068966,18,4032,-3959,1,0,0,62.06896551724138,0.30460207612456747,0
0,2,198.58,74,222,2,14,12,-148,8,2,3,1,0.33183856502242154,0.13333333333333333,12,3108,-3034,1,0,1,80.0,0.890493273542601,0
0,3,63.86,246,438,2,19,17,-192,12,1,4,1,0.5603644646924829,0.1,17,6132,-5886,1,0,0,85.0,0.14546697038724374,0
0,6,115.92,458,461,2,23,21,-3,1,4,1,1,0.9913419913419913,0.08333333333333333,21,6454,-5996,1,0,0,87.5,0.2509090909090909,0
1,4,199.96,343,164,7,8,1,179,10,4,4,0,2.0787878787878786,0.7777777777777778,1,2296,-1953,1,0,1,11.11111111111111,1.211878787878788,0
0,7,174.85,348,359,5,28,23,-11,9,1,3,1,0.9666666666666667,0.1724137931034483,23,5026,-4678,1,0,0,79.3103448275862,0.48569444444444443,0
0,5,116.81,76,267,0,25,25,-191,11,1,4,1,0.2835820895522388,0.0,25,3738,-3662,1,0,0,96.15384615384616,0.43585820895522387,0
1,0,136.71,273,389,3,23,20,-116,3,5,1,1,0.7,0.125,20,5446,-5173,1,0,0,83.33333333333334,0.3505384615384616,0
1,6,98.16,476,483,3,9,6,-7,2,3,1,1,0.9834710743801653,0.3,6,6762,-6286,1,0,1,60.0,0.2028099173553719,0
1,2,189.07,65,318,3,17,14,-253,3,0,1,1,0.20376175548589343,0.16666666666666666,14,4452,-4387,1,0,0,77.77777777777779,0.5926959247648903,0
1,4,193.81,236,481,1,21,20,-245,4,2,2,1,0.4896265560165975,0.045454545454545456,20,6734,-6498,1,0,0,90.9090909090909,0.4020954356846473,0
1,8,146.72,161,37,2,8,6,124,5,6,2,1,4.2368421052631575,0.2222222222222222,6,518,-357,1,0,1,66.66666666666666,3.8610526315789473,1
0,8,194.76,231,214,4,22,18,17,11,1,4,1,1.0744186046511628,0.17391304347826086,18,2996,-2765,1,0,0,78.26086956521739,0.905860465116279,0
1,5,174.8,140,495,3,25,22,-355,3,1,1,1,0.28225806451612906,0.11538461538461539,22,6930,-6790,1,0,0,84.61538461538461,0.3524193548387097,0
1,6,55.64,312,224,7,8,1,88,2,3,1,0,1.3866666666666667,0.7777777777777778,1,3136,-2824,1,0,1,11.11111111111111,0.2472888888888889,0
0,0,53.42,84,144,2,26,24,-60,8,0,3,1,0.5793103448275863,0.07407407407407407,24,2016,-1932,1,0,0,88.88888888888889,0.3684137931034483,0
1,4,91.18,589,121,5,17,12,468,1,6,1,1,4.827868852459017,0.2777777777777778,12,1694,-1105,1,0,1,66.66666666666666,0.7473770491803279,1
0,4,47.65,582,370,8,13,5,212,11,5,4,2,1.568733153638814,0.5714285714285714,5,5180,-4598,1,0,1,35.714285714285715,0.1284366576819407,0
0,8,153.23,513,210,16,19,3,303,5,3,2,2,2.4312796208530805,0.8,3,2940,-2427,1,0,1,15.0,0.7262085308056871,0
1,7,194.79,522,226,1,7,6,296,2,0,1,1,2.299559471365639,0.125,6,3164,-2642,1,0,1,75.0,0.8581057268722466,0
1,4,146.11,132,152,12,15,3,-20,4,1,2,2,0.8627450980392157,0.75,3,2128,-1996,1,0,1,18.75,0.954967320261438,0
0,8,30.81,520,341,8,13,5,179,11,0,4,2,1.5204678362573099,0.5714285714285714,5,4774,-4254,1,0,1,35.714285714285715,0.0900877192982456,0
1,2,61.39,151,480,2,6,4,-329,9,0,3,2,0.31392931392931395,0.2857142857142857,4,6720,-6569,1,0,1,57.14285714285714,0.12762993762993763,0
1,6,86.4,256,232,13,15,2,24,8,5,3,2,1.0987124463519313,0.8125,2,3248,-2992,1,0,1,12.5,0.37081545064377686,0
1,3,80.49,494,60,12,27,15,434,11,6,4,1,8.098360655737705,0.42857142857142855,15,840,-346,1,0,0,53.57142857142857,1.3195081967213114,1
0,7,36.36,60,388,10,16,6,-328,3,1,1,1,0.15424164524421594,0.5882352941176471,6,5432,-5372,1,0,1,35.294117647058826,0.09347043701799486,0
0,7,100.4,167,157,1,8,7,10,12,1,4,1,1.0569620253164558,0.1111111111111111,7,2198,-2031,1,0,1,77.77777777777779,0.6354430379746836,0
1,2,180.08,539,464,17,27,10,75,3,3,1,1,1.1591397849462366,0.6071428571428571,10,6496,-5957,1,0,1,35.714285714285715,0.3872688172043011,0
1,5,139.53,241,300,1,17,16,-59,5,0,2,1,0.8006644518272426,0.05555555555555555,16,4200,-3959,1,0,0,88.88888888888889,0.4635548172757475,0
1,0,142.2,159,218,8,16,8,-59,12,6,4,1,0.726027397260274,0.47058823529411764,8,3052,-2893,1,0,1,47.05882352941176,0.6493150684931507,0
1,5,165.7,80,287,2,19,17,-207,6,2,2,1,0.2777777777777778,0.1,17,4018,-3938,1,0,0,85.0,0.5753472222222222,0
0,9,105.74,565,344,12,17,5,221,12,6,4,2,1.6376811594202898,0.6666666666666666,5,4816,-4251,1,0,1,27.77777777777778,0.3064927536231884,0
1,7,116.42,570,286,8,11,3,284,8,6,3,2,1.9860627177700347,0.6666666666666666,3,4004,-3434,1,0,1,25.0,0.4056445993031359,0
1,1,118.7,488,187,8,9,1,301,2,5,1,0,2.595744680851064,0.8,1,2618,-2130,1,0,1,10.0,0.6313829787234043,0
1,8,80.72,434,362,14,18,4,72,7,1,3,2,1.1955922865013775,0.7368421052631579,4,5068,-4634,1,0,1,21.052631578947366,0.22236914600550964,0
1,3,73.53,431,120,15,29,14,311,11,6,4,1,3.56198347107438,0.5,14,1680,-1249,1,0,0,46.666666666666664,0.6076859504132232,0
1,1,147.57,557,105,0,22,22,452,3,5,1,1,5.254716981132075,0.0,22,1470,-913,1,0,0,95.65217391304348,1.3921698113207546,1
1,2,135.35,562,94,4,6,2,468,3,0,1,0,5.91578947368421,0.5714285714285714,2,1316,-754,1,0,1,28.57142857142857,1.424736842105263,1
1,0,86.32,356,85,5,7,2,271,8,0,3,0,4.1395348837209305,0.625,2,1190,-834,1,0,1,25.0,1.003720930232558,1
0,7,126.4,309,127,0,6,6,182,11,0,4,1,2.4140625,0.0,6,1778,-1469,1,0,1,85.71428571428571,0.9875,0
1,3,126.26,363,93,25,26,1,270,12,6,4,0,3.8617021276595747,0.9259259259259259,1,1302,-939,1,0,1,3.7037037037037033,1.343191489361702,0
0,4,126.55,358,98,3,8,5,260,1,4,1,2,3.6161616161616164,0.3333333333333333,5,1372,-1014,1,0,1,55.55555555555556,1.2782828282828282,0
1,8,109.73,240,58,2,9,7,182,10,1,4,1,4.067796610169491,0.2,7,812,-572,1,0,1,70.0,1.8598305084745763,1
0,3,188.14,479,176,14,17,3,303,5,4,2,2,2.7062146892655368,0.7777777777777778,3,2464,-1985,1,0,1,16.666666666666664,1.0629378531073446,0
0,7,165.41,86,233,12,24,12,-147,3,0,1,1,0.36752136752136755,0.48,12,3262,-3176,1,0,1,48.0,0.7068803418803419,0
1,2,146.63,407,443,5,8,3,-36,11,3,4,2,0.9166666666666666,0.5555555555555556,3,6202,-5795,1,0,1,33.33333333333333,0.33024774774774773,0
0,2,90.81,584,102,6,8,2,482,3,4,1,0,5.669902912621359,0.6666666666666666,2,1428,-844,1,0,1,22.22222222222222,0.8816504854368932,1
1,1,37.35,134,285,6,12,6,-151,12,1,4,1,0.46853146853146854,0.46153846153846156,6,3990,-3856,1,0,1,46.15384615384615,0.1305944055944056,0
1,3,118.0,233,195,9,10,1,38,10,6,4,2,1.1887755102040816,0.8181818181818182,1,2730,-2497,1,0,1,9.090909090909092,0.6020408163265306,0
1,4,112.19,50,117,14,16,2,-67,3,6,1,2,0.423728813559322,0.8235294117647058,2,1638,-1588,1,0,1,11.76470588235294,0.9507627118644068,0
0,6,86.95,535,147,8,11,3,388,1,4,1,2,3.614864864864865,0.6666666666666666,3,2058,-1523,1,0,1,25.0,0.5875,0
1,1,20.27,66,163,13,22,9,-97,8,2,3,1,0.4024390243902439,0.5652173913043478,9,2282,-2216,1,0,1,39.130434782608695,0.12359756097560975,0
1,3,175.83,267,249,7,26,19,18,10,0,4,1,1.068,0.25925925925925924,19,3486,-3219,1,0,0,70.37037037037037,0.7033200000000001,0
0,9,24.88,208,350,0,6,6,-142,11,2,4,1,0.5925925925925926,0.0,6,4900,-4692,1,0,1,85.71428571428571,0.07088319088319088,0
0,5,46.33,448,120,4,12,8,328,11,0,4,1,3.7024793388429753,0.3076923076923077,8,1680,-1232,1,0,1,61.53846153846154,0.38289256198347105,0
1,9,20.42,255,111,15,21,6,144,9,4,3,1,2.2767857142857144,0.6818181818181818,6,1554,-1299,1,0,1,27.27272727272727,0.18232142857142858,0
0,6,71.96,250,404,18,28,10,-154,8,5,3,1,0.6172839506172839,0.6206896551724138,10,5656,-5406,1,0,1,34.48275862068966,0.177679012345679,0
1,4,38.45,262,146,11,12,1,116,5,2,2,0,1.782312925170068,0.8461538461538461,1,2044,-1782,1,0,1,7.6923076923076925,0.2615646258503402,0
1,0,95.99,229,409,19,25,6,-180,3,6,1,1,0.5585365853658537,0.7307692307692307,6,5726,-5497,1,0,1,23.076923076923077,0.23412195121951218,0
0,8,44.53,466,202,13,18,5,264,12,0,4,2,2.2955665024630543,0.6842105263157895,5,2828,-2362,1,0,1,26.31578947368421,0.21935960591133005,0
1,9,109.92,424,491,14,23,9,-67,7,5,3,1,0.8617886178861789,0.5833333333333334,9,6874,-6450,1,0,1,37.5,0.22341463414634147,0
0,8,171.13,180,291,6,7,1,-111,3,2,1,2,0.6164383561643836,0.75,1,4074,-3894,1,0,1,12.5,0.5860616438356164,0
0,8,77.6,578,336,3,6,3,242,10,4,4,2,1.71513353115727,0.42857142857142855,3,4704,-4126,1,0,1,42.857142857142854,0.23026706231454006,0
0,7,187.08,342,228,2,14,12,114,12,0,4,1,1.4934497816593886,0.13333333333333333,12,3192,-2850,1,0,1,80.0,0.8169432314410481,0
1,7,175.02,547,54,2,6,4,493,3,4,1,2,9.945454545454545,0.2857142857142857,4,756,-209,1,0,1,57.14285714285714,3.1821818181818182,1
1,7,88.16,518,369,0,17,17,149,12,4,4,1,1.4,0.0,17,5166,-4648,1,0,0,94.44444444444444,0.23827027027027026,0
1,4,118.12,390,85,14,18,4,305,1,5,1,2,4.534883720930233,0.7368421052631579,4,1190,-800,1,0,1,21.052631578947366,1.3734883720930233,1
1,6,42.58,324,287,9,22,13,37,9,3,3,1,1.125,0.391304347826087,13,4018,-3694,1,0,1,56.52173913043478,0.1478472222222222,0
0,2,174.02,73,338,18,20,2,-265,9,5,3,2,0.2153392330383481,0.8571428571428571,2,4732,-4659,1,0,1,9.523809523809524,0.5133333333333333,0
0,5,134.28,408,308,15,19,4,100,11,1,4,2,1.3203883495145632,0.75,4,4312,-3904,1,0,1,20.0,0.4345631067961165,0
1,8,64.04,283,469,3,7,4,-186,8,5,3,2,0.6021276595744681,0.375,4,6566,-6283,1,0,1,50.0,0.13625531914893618,0
1,6,130.28,190,436,16,20,4,-246,7,0,3,2,0.43478260869565216,0.7619047619047619,4,6104,-5914,1,0,1,19.047619047619047,0.29812356979405036,0
1,3,143.89,536,485,16,23,7,51,8,1,3,1,1.102880658436214,0.6666666666666666,7,6790,-6254,1,0,1,29.166666666666668,0.2960699588477366,0
1,1,83.18,389,100,8,11,3,289,10,5,4,2,3.8514851485148514,0.6666666666666666,3,1400,-1011,1,0,1,25.0,0.8235643564356436,0
1,7,103.6,126,50,0,20,20,76,6,5,2,1,2.4705882352941178,0.0,20,700,-574,1,0,0,95.23809523809523,2.0313725490196077,0
1,6,107.07,548,292,8,23,15,256,12,0,4,1,1.870307167235495,0.3333333333333333,15,4088,-3540,1,0,0,62.5,0.3654266211604095,0
1,0,159.53,570,409,6,18,12,161,5,1,2,1,1.3902439024390243,0.3157894736842105,12,5726,-5156,1,0,1,63.1578947368421,0.38909756097560977,0
1,3,102.27,395,314,20,25,5,81,1,4,1,2,1.253968253968254,0.7692307692307693,5,4396,-4001,1,0,1,19.230769230769234,0.32466666666666666,0
1,4,40.91,198,488,5,15,10,-290,12,0,4,1,0.4049079754601227,0.3125,10,6832,-6634,1,0,1,62.5,0.0836605316973415,0
1,3,183.24,504,391,1,9,8,113,12,6,4,1,1.2857142857142858,0.1,8,5474,-4970,1,0,1,80.0,0.46744897959183673,0
0,9,134.08,315,126,11,18,7,189,1,2,1,1,2.4803149606299213,0.5789473684210527,7,1764,-1449,1,0,1,36.84210526315789,1.055748031496063,0
1,3,103.22,78,271,14,22,8,-193,12,6,4,1,0.2867647058823529,0.6086956521739131,8,3794,-3716,1,0,1,34.78260869565217,0.37948529411764703,0
1,4,94.91,74,180,10,22,12,-106,5,5,2,1,0.4088397790055249,0.43478260869565216,12,2520,-2446,1,0,1,52.17391304347826,0.5243646408839778,0
1,7,100.02,120,206,10,12,2,-86,3,6,1,2,0.5797101449275363,0.7692307692307693,2,2884,-2764,1,0,1,15.384615384615385,0.48318840579710143,0
0,0,31.74,367,256,8,29,21,111,5,3,2,1,1.4280155642023347,0.26666666666666666,21,3584,-3217,1,0,0,70.0,0.12350194552529183,0
0,3,162.59,545,444,2,10,8,101,3,3,1,1,1.2247191011235956,0.18181818181818182,8,6216,-5671,1,0,1,72.72727272727273,0.36537078651685395,0
1,7,36.09,148,462,14,29,15,-314,11,5,4,1,0.31965442764578833,0.4666666666666667,15,6468,-6320,1,0,0,50.0,0.07794816414686825,0
0,5,77.04,591,482,5,6,1,109,2,0,1,0,1.2236024844720497,0.7142857142857143,1,6748,-6157,1,0,1,14.285714285714285,0.15950310559006212,0
1,0,76.51,343,361,7,10,3,-18,5,3,2,2,0.9475138121546961,0.6363636363636364,3,5054,-4711,1,0,1,27.27272727272727,0.211353591160221,0
1,6,103.84,470,353,4,10,6,117,5,1,2,1,1.3276836158192091,0.36363636363636365,6,4942,-4472,1,0,1,54.54545454545454,0.29333333333333333,0
1,9,47.94,555,384,9,13,4,171,11,5,4,2,1.4415584415584415,0.6428571428571429,4,5376,-4821,1,0,1,28.57142857142857,0.12451948051948052,0
1,0,95.82,429,106,4,17,13,323,9,6,3,1,4.009345794392523,0.2222222222222222,13,1484,-1055,1,0,1,72.22222222222221,0.8955140186915888,1
0,1,27.69,584,455,6,13,7,129,12,6,4,1,1.280701754385965,0.42857142857142855,7,6370,-5786,1,0,1,50.0,0.06072368421052632,0
1,3,114.4,212,350,6,18,12,-138,10,4,4,1,0.603988603988604,0.3157894736842105,12,4900,-4688,1,0,1,63.1578947368421,0.32592592592592595,0
0,3,60.65,293,485,0,20,20,-192,8,2,3,1,0.602880658436214,0.0,20,6790,-6497,1,0,0,95.23809523809523,0.12479423868312757,0
1,2,182.56,497,499,3,13,10,-2,12,0,4,1,0.994,0.21428571428571427,10,6986,-6489,1,0,1,71.42857142857143,0.36512,0
1,9,83.51,396,433,14,25,11,-37,3,5,1,1,0.9124423963133641,0.5384615384615384,11,6062,-5666,1,0,1,42.30769230769231,0.1924193548387097,0
0,5,57.51,264,488,7,16,9,-224,12,4,4,1,0.5398773006134969,0.4117647058823529,9,6832,-6568,1,0,1,52.94117647058824,0.11760736196319017,0
0,5,64.99,118,302,1,16,15,-184,1,0,1,1,0.38943894389438943,0.058823529411764705,15,4228,-4110,1,0,0,88.23529411764706,0.21448844884488447,0
0,4,122.0,429,186,1,17,16,243,2,2,1,1,2.2941176470588234,0.05555555555555555,16,2604,-2175,1,0,0,88.88888888888889,0.6524064171122995,0
0,9,186.61,301,488,4,21,17,-187,11,3,4,1,0.6155419222903885,0.18181818181818182,17,6832,-6531,1,0,0,77.27272727272727,0.3816155419222904,0
1,9,93.97,464,169,5,6,1,295,8,6,3,0,2.7294117647058824,0.7142857142857143,1,2366,-1902,1,0,1,14.285714285714285,0.5527647058823529,0
1,1,31.56,178,165,12,20,8,13,7,6,3,1,1.072289156626506,0.5714285714285714,8,2310,-2132,1,0,1,38.095238095238095,0.19012048192771083,0
1,9,42.52,511,91,19,20,1,420,2,6,1,0,5.554347826086956,0.9047619047619048,1,1274,-763,1,0,1,4.761904761904762,0.46217391304347827,1
0,0,44.75,410,418,5,18,13,-8,3,2,1,1,0.9785202863961814,0.2631578947368421,13,5852,-5442,1,0,1,68.42105263157895,0.10680190930787589,0
1,9,183.04,519,469,2,25,23,50,4,4,2,1,1.1042553191489362,0.07692307692307693,23,6566,-6047,1,0,0,88.46153846153845,0.3894468085106383,0
1,6,155.75,289,398,6,15,9,-109,11,4,4,1,0.7243107769423559,0.375,9,5572,-5283,1,0,1,56.25,0.39035087719298245,0
0,5,94.75,596,256,6,21,15,340,11,2,4,1,2.3190661478599224,0.2727272727272727,15,3584,-2988,1,0,0,68.18181818181817,0.36867704280155644,0
1,2,119.1,72,262,23,28,5,-190,7,4,3,2,0.2737642585551331,0.7931034482758621,5,3668,-3596,1,0,1,17.24137931034483,0.4528517110266159,0
0,5,104.76,86,452,5,27,22,-366,3,6,1,1,0.18984547461368653,0.17857142857142858,22,6328,-6242,1,0,0,78.57142857142857,0.23125827814569538,0
1,7,121.47,446,59,25,27,2,387,8,0,3,0,7.433333333333334,0.8928571428571429,2,826,-380,1,0,1,7.142857142857142,2.0245,1
1,7,164.24,484,290,19,24,5,194,6,3,2,2,1.6632302405498283,0.76,5,4060,-3576,1,0,1,20.0,0.5643986254295533,0
0,1,197.27,258,247,2,12,10,11,6,1,2,1,1.0403225806451613,0.15384615384615385,10,3458,-3200,1,0,1,76.92307692307693,0.7954435483870969,0
0,8,124.37,96,81,2,5,3,15,12,2,4,2,1.170731707317073,0.3333333333333333,3,1134,-1038,1,0,1,50.0,1.5167073170731709,0
1,6,153.39,399,135,16,23,7,264,10,1,4,1,2.9338235294117645,0.6666666666666666,7,1890,-1491,1,0,1,29.166666666666668,1.1278676470588234,0
1,3,82.9,578,89,6,10,4,489,5,2,2,2,6.4222222222222225,0.5454545454545454,4,1246,-668,1,0,1,36.36363636363637,0.9211111111111112,1
0,3,137.51,163,36,5,16,11,127,11,6,4,1,4.405405405405405,0.29411764705882354,11,504,-341,1,0,1,64.70588235294117,3.7164864864864864,1
0,5,126.24,398,267,4,13,9,131,3,1,1,1,1.4850746268656716,0.2857142857142857,9,3738,-3340,1,0,1,64.28571428571429,0.471044776119403,0
1,6,118.66,552,371,2,5,3,181,9,4,3,2,1.4838709677419355,0.3333333333333333,3,5194,-4642,1,0,1,50.0,0.3189784946236559,0
0,7,33.78,415,187,6,24,18,228,5,2,2,1,2.2074468085106385,0.24,18,2618,-2203,1,0,0,72.0,0.1796808510638298,0
0,2,140.59,443,87,8,10,2,356,4,0,2,0,5.034090909090909,0.7272727272727273,2,1218,-775,1,0,1,18.181818181818183,1.5976136363636364,1
1,9,110.58,77,377,9,18,9,-300,1,3,1,1,0.2037037037037037,0.47368421052631576,9,5278,-5201,1,0,1,47.368421052631575,0.29253968253968254,0
0,4,63.57,315,405,17,27,10,-90,1,3,1,1,0.7758620689655172,0.6071428571428571,10,5670,-5355,1,0,1,35.714285714285715,0.15657635467980296,0
1,4,117.54,95,226,9,10,1,-131,5,2,2,2,0.4185022026431718,0.8181818181818182,1,3164,-3069,1,0,1,9.090909090909092,0.5177973568281938,0
0,7,180.29,532,202,3,15,12,330,4,0,2,1,2.6206896551724137,0.1875,12,2828,-2296,1,0,1,75.0,0.8881280788177339,0
0,3,54.28,304,456,13,16,3,-152,10,5,4,2,0.6652078774617067,0.7647058823529411,3,6384,-6080,1,0,1,17.647058823529413,0.1187746170678337,0
1,6,112.77,113,112,7,18,11,1,5,2,2,1,1.0,0.3684210526315789,11,1568,-1455,1,0,1,57.89473684210527,0.9979646017699114,0
0,6,139.37,495,125,8,12,4,370,9,1,3,2,3.9285714285714284,0.6153846153846154,4,1750,-1255,1,0,1,30.76923076923077,1.106111111111111,0
1,5,161.55,596,402,5,26,21,194,6,1,2,1,1.478908188585608,0.18518518518518517,21,5628,-5032,1,0,0,77.77777777777779,0.40086848635235733,0
1,3,176.25,465,359,15,24,9,106,10,0,4,1,1.2916666666666667,0.6,9,5026,-4561,1,0,1,36.0,0.4895833333333333,0
1,6,109.25,423,472,16,23,7,-49,10,5,4,1,0.8942917547568711,0.6666666666666666,7,6608,-6185,1,0,1,29.166666666666668,0.2309725158562368,0
1,1,179.53,476,146,2,18,16,330,6,5,2,1,3.238095238095238,0.10526315789473684,16,2044,-1568,1,0,0,84.21052631578947,1.2212925170068027,0
0,9,27.5,131,293,6,22,16,-162,9,6,3,1,0.445578231292517,0.2608695652173913,16,4102,-3971,1,0,0,69.56521739130434,0.0935374149659864,0
0,0,64.08,317,401,3,28,25,-84,9,5,3,1,0.7885572139303483,0.10344827586206896,25,5614,-5297,1,0,0,86.20689655172413,0.15940298507462686,0
1,7,23.22,268,433,0,8,8,-165,4,5,2,1,0.6175115207373272,0.0,8,6062,-5794,1,0,1,88.88888888888889,0.053502304147465436,0
0,8,173.46,404,236,5,6,1,168,2,0,1,0,1.7046413502109705,0.7142857142857143,1,3304,-2900,1,0,1,14.285714285714285,0.7318987341772152,0
0,0,147.31,353,189,15,28,13,164,2,1,1,1,1.8578947368421053,0.5172413793103449,13,2646,-2293,1,0,1,44.827586206896555,0.7753157894736842,0
0,0,52.99,413,268,20,29,9,145,1,0,1,1,1.5353159851301115,0.6666666666666666,9,3752,-3339,1,0,1,30.0,0.19698884758364313,0
0,4,114.84,155,499,4,13,9,-344,9,4,3,1,0.31,0.2857142857142857,9,6986,-6831,1,0,1,64.28571428571429,0.22968,0
1,5,66.34,72,477,10,12,2,-405,10,0,4,2,0.1506276150627615,0.7692307692307693,2,6678,-6606,1,0,1,15.384615384615385,0.1387866108786611,0
1,3,179.58,442,36,10,14,4,406,2,2,1,2,11.945945945945946,0.6666666666666666,4,504,-62,1,0,1,26.666666666666668,4.853513513513514,1
1,2,27.77,542,112,0,23,23,430,8,4,3,1,4.79646017699115,0.0,23,1568,-1026,1,0,0,95.83333333333334,0.24575221238938053,1
0,4,163.82,374,390,18,25,7,-16,7,2,3,1,0.9565217391304348,0.6923076923076923,7,5460,-5086,1,0,1,26.923076923076923,0.4189769820971867,0
1,1,54.19,382,284,5,22,17,98,8,5,3,1,1.3403508771929824,0.21739130434782608,17,3976,-3594,1,0,0,73.91304347826086,0.19014035087719297,0
0,9,39.59,370,451,2,6,4,-81,2,5,1,2,0.8185840707964602,0.2857142857142857,4,6314,-5944,1,0,1,57.14285714285714,0.08758849557522125,0
0,6,64.04,120,333,1,10,9,-213,9,0,3,1,0.3592814371257485,0.09090909090909091,9,4662,-4542,1,0,1,81.81818181818183,0.1917365269461078,0
1,5,41.97,100,445,12,24,12,-345,4,5,2,1,0.2242152466367713,0.48,12,6230,-6130,1,0,1,48.0,0.09410313901345291,0
1,3,51.57,394,52,5,9,4,342,11,5,4,2,7.433962264150943,0.5,4,728,-334,1,0,1,40.0,0.9730188679245283,1
1,6,90.95,432,251,23,24,1,181,12,2,4,0,1.7142857142857142,0.92,1,3514,-3082,1,0,1,4.0,0.3609126984126984,0
0,3,166.38,424,44,0,5,5,380,11,5,4,2,9.422222222222222,0.0,5,616,-192,1,0,1,83.33333333333334,3.6973333333333334,1
0,3,196.74,334,66,2,10,8,268,8,6,3,1,4.985074626865671,0.18181818181818182,8,924,-590,1,0,1,72.72727272727273,2.9364179104477612,1
0,9,45.79,342,399,15,21,6,-57,5,1,2,1,0.855,0.6818181818181818,6,5586,-5244,1,0,1,27.27272727272727,0.114475,0
1,0,166.65,490,390,3,9,6,100,2,1,1,1,1.2531969309462916,0.3,6,5460,-4970,1,0,1,60.0,0.4262148337595908,0
1,8,92.31,378,78,2,15,13,300,7,0,3,1,4.784810126582278,0.125,13,1092,-714,1,0,1,81.25,1.168481012658228,1
1,6,34.04,505,353,2,8,6,152,11,6,4,1,1.426553672316384,0.2222222222222222,6,4942,-4437,1,0,1,66.66666666666666,0.09615819209039547,0
0,7,37.62,560,70,3,8,5,490,2,6,1,2,7.887323943661972,0.3333333333333333,5,980,-420,1,0,1,55.55555555555556,0.5298591549295775,1
0,7,113.39,526,176,1,17,16,350,9,5,3,1,2.9717514124293785,0.05555555555555555,16,2464,-1938,1,0,0,88.88888888888889,0.6406214689265537,0
0,0,105.94,224,146,16,23,7,78,9,2,3,1,1.5238095238095237,0.6666666666666666,7,2044,-1820,1,0,1,29.166666666666668,0.7206802721088436,0
0,7,125.05,426,196,6,7,1,230,4,1,2,0,2.1624365482233503,0.75,1,2744,-2318,1,0,1,12.5,0.6347715736040609,0
1,3,58.98,401,296,12,15,3,105,6,4,2,2,1.3501683501683501,0.75,3,4144,-3743,1,0,1,18.75,0.1985858585858586,0
0,0,111.72,419,102,21,23,2,317,1,4,1,0,4.067961165048544,0.875,2,1428,-1009,1,0,1,8.333333333333332,1.0846601941747573,1
1,9,46.67,328,479,18,27,9,-151,10,5,4,1,0.6833333333333333,0.6428571428571429,9,6706,-6378,1,0,1,32.142857142857146,0.09722916666666667,0
0,8,169.95,148,237,1,6,5,-89,1,5,1,2,0.6218487394957983,0.14285714285714285,5,3318,-3170,1,0,1,71.42857142857143,0.7140756302521007,0
0,5,169.52,242,57,1,16,15,185,2,5,1,1,4.172413793103448,0.058823529411764705,15,798,-556,1,0,0,88.23529411764706,2.922758620689655,1
0,6,78.76,323,129,2,11,9,194,5,5,2,1,2.4846153846153847,0.16666666666666666,9,1806,-1483,1,0,1,75.0,0.6058461538461539,0
1,3,137.79,336,170,3,8,5,166,9,0,3,2,1.9649122807017543,0.3333333333333333,5,2380,-2044,1,0,1,55.55555555555556,0.8057894736842105,0
0,6,37.21,578,72,8,9,1,506,3,3,1,0,7.917808219178082,0.8,1,1008,-430,1,0,1,10.0,0.5097260273972603,1
1,5,28.19,577,426,7,17,10,151,6,0,2,1,1.351288056206089,0.3888888888888889,10,5964,-5387,1,0,1,55.55555555555556,0.06601873536299765,0
1,8,119.13,522,161,6,7,1,361,5,5,2,0,3.2222222222222223,0.75,1,2254,-1732,1,0,1,12.5,0.7353703703703703,0
0,0,52.34,224,338,0,5,5,-114,9,6,3,2,0.6607669616519174,0.0,5,4732,-4508,1,0,1,83.33333333333334,0.1543952802359882,0
1,8,156.45,254,209,15,20,5,45,12,6,4,2,1.2095238095238094,0.7142857142857143,5,2926,-2672,1,0,1,23.809523809523807,0.745,0
1,2,186.22,530,30,10,11,1,500,10,5,4,0,17.096774193548388,0.8333333333333334,1,420,110,0,110,1,8.333333333333332,6.007096774193548,1
1,2,46.82,591,367,11,22,11,224,9,4,3,1,1.6059782608695652,0.4782608695652174,11,5138,-4547,1,0,1,47.82608695652174,0.1272282608695652,0
1,1,33.51,172,91,1,28,27,81,7,6,3,1,1.8695652173913044,0.034482758620689655,27,1274,-1102,1,0,0,93.10344827586206,0.36423913043478257,0
1,6,39.51,231,192,5,11,6,39,8,5,3,1,1.1968911917098446,0.4166666666666667,6,2688,-2457,1,0,1,50.0,0.20471502590673574,0
1,2,21.57,416,182,1,6,5,234,12,3,4,2,2.273224043715847,0.14285714285714285,5,2548,-2132,1,0,1,71.42857142857143,0.11786885245901639,0
1,8,180.81,387,240,5,16,11,147,4,5,2,1,1.6058091286307055,0.29411764705882354,11,3360,-2973,1,0,1,64.70588235294117,0.7502489626556017,0
1,6,88.9,111,341,3,28,25,-230,8,6,3,1,0.32456140350877194,0.10344827586206896,25,4774,-4663,1,0,0,86.20689655172413,0.25994152046783625,0
1,1,46.72,248,467,4,11,7,-219,11,6,4,1,0.5299145299145299,0.3333333333333333,7,6538,-6290,1,0,1,58.333333333333336,0.09982905982905983,0
1,6,131.47,391,123,3,9,6,268,4,5,2,1,3.153225806451613,0.3,6,1722,-1331,1,0,1,60.0,1.060241935483871,0
1,8,139.51,174,98,19,26,7,76,6,0,2,1,1.7575757575757576,0.7037037037037037,7,1372,-1198,1,0,1,25.925925925925924,1.409191919191919,0
0,2,179.47,556,148,12,15,3,408,10,0,4,2,3.7315436241610738,0.75,3,2072,-1516,1,0,1,18.75,1.204496644295302,0
1,7,74.69,292,113,4,5,1,179,9,0,3,0,2.56140350877193,0.6666666666666666,1,1582,-1290,1,0,1,16.666666666666664,0.6551754385964912,0
0,5,181.7,477,318,15,21,6,159,10,5,4,1,1.4952978056426331,0.6818181818181818,6,4452,-3975,1,0,1,27.27272727272727,0.5695924764890282,0
0,1,179.13,290,499,6,9,3,-209,9,6,3,2,0.58,0.6,3,6986,-6696,1,0,1,30.0,0.35825999999999997,0
1,2,170.42,223,448,0,20,20,-225,6,2,2,1,0.49665924276169265,0.0,20,6272,-6049,1,0,0,95.23809523809523,0.379554565701559,0
0,3,51.02,176,290,2,16,14,-114,11,4,4,1,0.6048109965635738,0.11764705882352941,14,4060,-3884,1,0,0,82.35294117647058,0.17532646048109968,0
0,9,174.96,491,496,0,8,8,-5,2,1,1,1,0.9879275653923542,0.0,8,6944,-6453,1,0,1,88.88888888888889,0.35203219315895373,0
1,5,44.33,429,272,0,12,12,157,1,6,1,1,1.5714285714285714,0.0,12,3808,-3379,1,0,1,92.3076923076923,0.16238095238095238,0
0,1,35.15,131,246,16,18,2,-115,4,5,2,2,0.5303643724696356,0.8421052631578947,2,3444,-3313,1,0,1,10.526315789473683,0.1423076923076923,0
1,3,182.66,422,282,7,14,7,140,10,3,4,1,1.4911660777385158,0.4666666666666667,7,3948,-3526,1,0,1,46.666666666666664,0.6454416961130742,0
1,7,33.16,243,123,6,10,4,120,9,0,3,2,1.9596774193548387,0.5454545454545454,4,1722,-1479,1,0,1,36.36363636363637,0.26741935483870966,0
1,3,89.17,321,154,16,19,3,167,7,1,3,2,2.0709677419354837,0.8,3,2156,-1835,1,0,1,15.0,0.5752903225806452,0
0,1,183.54,112,250,21,26,5,-138,9,6,3,2,0.44621513944223107,0.7777777777777778,5,3500,-3388,1,0,1,18.51851851851852,0.7312350597609562,0
0,5,71.0,161,301,6,12,6,-140,12,2,4,1,0.5331125827814569,0.46153846153846156,6,4214,-4053,1,0,1,46.15384615384615,0.23509933774834438,0
0,1,67.62,437,150,0,7,7,287,5,2,2,1,2.8940397350993377,0.0,7,2100,-1663,1,0,1,87.5,0.44781456953642385,0
0,0,158.98,263,456,1,14,13,-193,4,3,2,1,0.5754923413566739,0.06666666666666667,13,6384,-6121,1,0,1,86.66666666666667,0.34787746170678335,0
0,6,113.97,107,377,10,18,8,-270,9,4,3,1,0.2830687830687831,0.5263157894736842,8,5278,-5171,1,0,1,42.10526315789473,0.3015079365079365,0
1,7,38.0,158,366,1,28,27,-208,10,6,4,1,0.4305177111716621,0.034482758620689655,27,5124,-4966,1,0,0,93.10344827586206,0.10354223433242507,0
1,9,76.29,393,351,11,15,4,42,9,4,3,2,1.1164772727272727,0.6875,4,4914,-4521,1,0,1,25.0,0.21673295454545458,0
1,4,198.69,207,63,5,27,22,144,4,1,2,1,3.234375,0.17857142857142858,22,882,-675,1,0,0,78.57142857142857,3.10453125,0
0,6,87.24,233,31,1,9,8,202,12,6,4,1,7.28125,0.1,8,434,-201,1,0,1,80.0,2.72625,1
0,4,157.12,234,135,14,16,2,99,2,4,1,0,1.7205882352941178,0.8235294117647058,2,1890,-1656,1,0,1,11.76470588235294,1.1552941176470588,0
1,9,166.4,276,207,2,8,6,69,10,5,4,1,1.3269230769230769,0.2222222222222222,6,2898,-2622,1,0,1,66.66666666666666,0.8,0
0,2,91.32,157,211,7,14,7,-54,2,2,1,1,0.7405660377358491,0.4666666666666667,7,2954,-2797,1,0,1,46.666666666666664,0.43075471698113205,0
1,3,183.14,365,293,7,25,18,72,5,0,2,1,1.2414965986394557,0.2692307692307692,18,4102,-3737,1,0,0,69.23076923076923,0.6229251700680272,0
1,9,194.76,293,105,8,23,15,188,6,6,2,1,2.7641509433962264,0.3333333333333333,15,1470,-1177,1,0,0,62.5,1.8373584905660376,0
0,0,47.39,352,331,1,11,10,21,5,2,2,1,1.0602409638554218,0.08333333333333333,10,4634,-4282,1,0,1,83.33333333333334,0.14274096385542168,0
1,3,25.67,479,415,5,7,2,64,6,1,2,2,1.1514423076923077,0.625,2,5810,-5331,1,0,1,25.0,0.06170673076923077,0
1,7,152.49,194,61,8,20,12,133,1,0,1,1,3.129032258064516,0.38095238095238093,12,854,-660,1,0,1,57.14285714285714,2.459516129032258,0
1,9,122.5,69,93,11,12,1,-24,6,2,2,2,0.7340425531914894,0.8461538461538461,1,1302,-1233,1,0,1,7.6923076923076925,1.303191489361702,0
0,1,48.69,131,407,9,10,1,-276,1,0,1,2,0.32107843137254904,0.8181818181818182,1,5698,-5567,1,0,1,9.090909090909092,0.11933823529411765,0
1,5,141.86,288,290,14,26,12,-2,7,0,3,1,0.9896907216494846,0.5185185185185185,12,4060,-3772,1,0,1,44.44444444444444,0.48749140893470794,0
0,9,37.41,328,123,14,20,6,205,12,5,4,1,2.6451612903225805,0.6666666666666666,6,1722,-1394,1,0,1,28.57142857142857,0.3016935483870967,0
0,7,69.49,493,231,1,8,7,262,12,1,4,1,2.125,0.1111111111111111,7,3234,-2741,1,0,1,77.77777777777779,0.2995258620689655,0
0,6,170.66,60,338,14,21,7,-278,6,0,2,1,0.17699115044247787,0.6363636363636364,7,4732,-4672,1,0,1,31.818181818181817,0.5034218289085546,0
1,8,37.45,100,289,27,29,2,-189,5,4,2,2,0.3448275862068966,0.9,2,4046,-3946,1,0,1,6.666666666666667,0.12913793103448276,0
0,0,139.57,67,247,2,11,9,-180,4,0,2,1,0.2701612903225806,0.16666666666666666,9,3458,-3391,1,0,1,75.0,0.5627822580645161,0
1,6,161.11,394,258,10,12,2,136,8,6,3,0,1.5212355212355213,0.7692307692307693,2,3612,-3218,1,0,1,15.384615384615385,0.6220463320463321,0
1,0,125.74,428,496,7,29,22,-68,1,6,1,1,0.8611670020120724,0.23333333333333334,22,6944,-6516,1,0,0,73.33333333333333,0.2529979879275654,0
0,6,155.42,129,320,5,16,11,-191,1,1,1,1,0.40186915887850466,0.29411764705882354,11,4480,-4351,1,0,1,64.70588235294117,0.4841744548286604,0
1,4,180.39,581,382,14,18,4,199,2,6,1,2,1.516971279373368,0.7368421052631579,4,5348,-4767,1,0,1,21.052631578947366,0.4709921671018276,0
0,7,186.27,322,235,10,12,2,87,12,1,4,0,1.3644067796610169,0.7692307692307693,2,3290,-2968,1,0,1,15.384615384615385,0.7892796610169492,0
0,1,83.15,97,497,2,12,10,-400,7,6,3,1,0.19477911646586346,0.15384615384615385,10,6958,-6861,1,0,1,76.92307692307693,0.16696787148594378,0
1,6,152.77,156,402,2,18,16,-246,7,2,3,1,0.3870967741935484,0.10526315789473684,16,5628,-5472,1,0,0,84.21052631578947,0.37908188585607944,0
0,1,74.76,117,267,15,16,1,-150,7,1,3,2,0.43656716417910446,0.8823529411764706,1,3738,-3621,1,0,1,5.88235294117647,0.278955223880597,0
1,7,68.5,478,130,8,9,1,348,3,4,1,0,3.648854961832061,0.8,1,1820,-1342,1,0,1,10.0,0.5229007633587787,0
1,8,78.42,405,469,3,5,2,-64,12,0,4,2,0.8617021276595744,0.5,2,6566,-6161,1,0,1,33.33333333333333,0.16685106382978723,0
1,1,64.06,475,167,10,28,18,308,7,5,3,1,2.8273809523809526,0.3448275862068966,18,2338,-1863,1,0,0,62.06896551724138,0.3813095238095238,0
0,4,160.28,103,242,16,27,11,-139,10,3,4,1,0.42386831275720166,0.5714285714285714,11,3388,-3285,1,0,1,39.285714285714285,0.6595884773662551,0
0,1,63.75,348,169,3,5,2,179,6,6,2,0,2.0470588235294116,0.5,2,2366,-2018,1,0,1,33.33333333333333,0.375,0
0,3,96.16,215,127,9,22,13,88,9,1,3,1,1.6796875,0.391304347826087,13,1778,-1563,1,0,1,56.52173913043478,0.75125,0
1,1,94.4,299,134,6,17,11,165,2,0,1,1,2.214814814814815,0.3333333333333333,11,1876,-1577,1,0,1,61.111111111111114,0.6992592592592592,0
1,0,95.11,430,393,9,12,3,37,12,0,4,2,1.0913705583756346,0.6923076923076923,3,5502,-5072,1,0,1,23.076923076923077,0.24139593908629442,0
1,6,35.07,164,202,16,27,11,-38,1,4,1,1,0.8078817733990148,0.5714285714285714,11,2828,-2664,1,0,1,39.285714285714285,0.17275862068965517,0
1,9,131.33,79,336,9,19,10,-257,3,4,1,1,0.2344213649851632,0.45,10,4704,-4625,1,0,1,50.0,0.38970326409495554,0
1,8,122.72,75,297,3,9,6,-222,9,5,3,1,0.2516778523489933,0.3,6,4158,-4083,1,0,1,60.0,0.41181208053691276,0
1,6,173.89,388,94,23,26,3,294,12,6,4,2,4.08421052631579,0.8518518518518519,3,1316,-928,1,0,1,11.11111111111111,1.8304210526315787,1
0,0,24.03,151,164,11,24,13,-13,10,6,4,1,0.9151515151515152,0.44,13,2296,-2145,1,0,1,52.0,0.14563636363636365,0
1,2,143.62,548,484,9,18,9,64,2,6,1,1,1.1298969072164948,0.47368421052631576,9,6776,-6228,1,0,1,47.368421052631575,0.2961237113402062,0
1,7,70.16,375,127,10,23,13,248,2,3,1,1,2.9296875,0.4166666666666667,13,1778,-1403,1,0,1,54.166666666666664,0.548125,0
1,8,49.21,318,247,3,5,2,71,2,4,1,2,1.282258064516129,0.5,2,3458,-3140,1,0,1,33.33333333333333,0.1984274193548387,0
0,6,135.95,53,97,22,25,3,-44,8,1,3,2,0.5408163265306123,0.8461538461538461,3,1358,-1305,1,0,1,11.538461538461538,1.3872448979591836,0
1,7,166.37,100,450,9,12,3,-350,1,0,1,2,0.22172949002217296,0.6923076923076923,3,6300,-6200,1,0,1,23.076923076923077,0.36889135254988914,0
1,2,94.2,192,410,13,28,15,-218,4,6,2,1,0.46715328467153283,0.4482758620689655,15,5740,-5548,1,0,0,51.724137931034484,0.2291970802919708,0
0,2,40.26,442,350,7,13,6,92,2,0,1,1,1.2592592592592593,0.5,6,4900,-4458,1,0,1,42.857142857142854,0.1147008547008547,0
0,7,178.97,349,421,1,8,7,-72,3,3,1,1,0.8270142180094787,0.1111111111111111,7,5894,-5545,1,0,1,77.77777777777779,0.4240995260663507,0
0,4,55.27,586,216,16,22,6,370,5,4,2,1,2.7004608294930876,0.6956521739130435,6,3024,-2438,1,0,1,26.08695652173913,0.2547004608294931,0
0,7,40.05,565,193,10,17,7,372,12,5,4,1,2.9123711340206184,0.5555555555555556,7,2702,-2137,1,0,1,38.88888888888889,0.20644329896907215,0
1,6,139.61,426,39,4,5,1,387,4,4,2,0,10.65,0.6666666666666666,1,546,-120,1,0,1,16.666666666666664,3.4902500000000005,1
0,0,164.25,549,443,26,27,1,106,8,6,3,0,1.2364864864864864,0.9285714285714286,1,6202,-5653,1,0,1,3.571428571428571,0.36993243243243246,0
0,4,99.75,210,291,6,10,4,-81,5,2,2,2,0.7191780821917808,0.5454545454545454,4,4074,-3864,1,0,1,36.36363636363637,0.3416095890410959,0
1,5,179.09,207,386,8,21,13,-179,11,1,4,1,0.5348837209302325,0.36363636363636365,13,5404,-5197,1,0,1,59.09090909090909,0.46276485788113697,0
1,4,68.36,442,286,5,25,20,156,9,1,3,1,1.5400696864111498,0.19230769230769232,20,4004,-3562,1,0,0,76.92307692307693,0.23818815331010454,0
1,7,112.83,547,316,4,6,2,231,5,4,2,0,1.725552050473186,0.5714285714285714,2,4424,-3877,1,0,1,28.57142857142857,0.35593059936908517,0
1,8,49.74,441,56,0,5,5,385,6,6,2,2,7.7368421052631575,0.0,5,784,-343,1,0,1,83.33333333333334,0.8726315789473684,1
1,4,160.1,416,331,2,21,19,85,8,1,3,1,1.2530120481927711,0.09090909090909091,19,4634,-4218,1,0,0,86.36363636363636,0.4822289156626506,0
0,4,57.06,196,209,11,13,2,-13,1,1,1,2,0.9333333333333333,0.7857142857142857,2,2926,-2730,1,0,1,14.285714285714285,0.27171428571428574,0
0,7,77.56,398,46,14,18,4,352,12,6,4,2,8.46808510638298,0.7368421052631579,4,644,-246,1,0,1,21.052631578947366,1.6502127659574468,1
0,8,68.44,127,364,11,17,6,-237,11,1,4,1,0.34794520547945207,0.6111111111111112,6,5096,-4969,1,0,1,33.33333333333333,0.18750684931506847,0
0,5,180.84,248,116,2,11,9,132,12,0,4,1,2.1196581196581197,0.16666666666666666,9,1624,-1376,1,0,1,75.0,1.5456410256410256,0
0,1,109.97,146,384,0,10,10,-238,8,3,3,1,0.37922077922077924,0.0,10,5376,-5230,1,0,1,90.9090909090909,0.28563636363636363,0
1,5,25.09,320,85,11,29,18,235,11,6,4,1,3.7209302325581395,0.36666666666666664,18,1190,-870,1,0,0,60.0,0.29174418604651164,0
1,2,101.52,125,82,6,21,15,43,2,6,1,1,1.5060240963855422,0.2727272727272727,15,1148,-1023,1,0,0,68.18181818181817,1.2231325301204818,0
1,6,49.78,195,299,9,13,4,-104,3,2,1,2,0.65,0.6428571428571429,4,4186,-3991,1,0,1,28.57142857142857,0.16593333333333335,0
1,8,54.15,507,34,5,13,8,473,1,1,1,1,14.485714285714286,0.35714285714285715,8,476,31,0,31,1,57.14285714285714,1.5471428571428572,1
0,7,155.92,389,194,14,15,1,195,10,3,4,0,1.994871794871795,0.875,1,2716,-2327,1,0,1,6.25,0.7995897435897436,0
1,3,37.67,411,193,3,10,7,218,8,1,3,1,2.118556701030928,0.2727272727272727,7,2702,-2291,1,0,1,63.63636363636363,0.19417525773195876,0
1,1,123.02,123,261,3,10,7,-138,8,2,3,1,0.46946564885496184,0.2727272727272727,7,3654,-3531,1,0,1,63.63636363636363,0.46954198473282444,0
0,5,73.46,386,301,8,11,3,85,5,5,2,2,1.2781456953642385,0.6666666666666666,3,4214,-3828,1,0,1,25.0,0.24324503311258275,0
1,8,68.34,540,171,4,17,13,369,10,4,4,1,3.13953488372093,0.2222222222222222,13,2394,-1854,1,0,1,72.22222222222221,0.39732558139534885,0
0,4,148.41,421,162,1,7,6,259,11,6,4,1,2.5828220858895707,0.125,6,2268,-1847,1,0,1,75.0,0.9104907975460123,0
0,3,20.1,259,422,23,25,2,-163,3,5,1,2,0.6122931442080378,0.8846153846153846,2,5908,-5649,1,0,1,7.6923076923076925,0.04751773049645391,0
1,8,150.81,506,479,5,26,21,27,12,4,4,1,1.0541666666666667,0.18518518518518517,21,6706,-6200,1,0,0,77.77777777777779,0.3141875,0
1,2,187.75,188,407,8,26,18,-219,7,0,3,1,0.46078431372549017,0.2962962962962963,18,5698,-5510,1,0,0,66.66666666666666,0.46017156862745096,0
0,8,61.71,479,127,6,13,7,352,1,0,1,1,3.7421875,0.42857142857142855,7,1778,-1299,1,0,1,50.0,0.482109375,0
0,6,152.11,455,253,10,27,17,202,7,2,3,1,1.7913385826771653,0.35714285714285715,17,3542,-3087,1,0,0,60.71428571428571,0.5988582677165355,0
0,0,66.66,195,487,11,24,13,-292,3,3,1,1,0.39959016393442626,0.44,13,6818,-6623,1,0,1,52.0,0.1365983606557377,0
0,0,54.77,395,77,1,10,9,318,2,1,1,1,5.064102564102564,0.09090909090909091,9,1078,-683,1,0,1,81.81818181818183,0.7021794871794872,1
0,5,158.65,599,373,1,10,9,226,1,6,1,1,1.6016042780748663,0.09090909090909091,9,5222,-4623,1,0,1,81.81818181818183,0.42419786096256684,0
0,3,184.14,584,322,3,21,18,262,7,2,3,1,1.8080495356037152,0.13636363636363635,18,4508,-3924,1,0,0,81.81818181818183,0.570092879256966,0
1,9,154.7,412,317,10,18,8,95,9,4,3,1,1.2955974842767295,0.5263157894736842,8,4438,-4026,1,0,1,42.10526315789473,0.4864779874213836,0
0,0,102.83,68,422,4,12,8,-354,7,4,3,1,0.1607565011820331,0.3076923076923077,8,5908,-5840,1,0,1,61.53846153846154,0.24309692671394798,0
1,8,151.97,329,384,2,12,10,-55,11,6,4,1,0.8545454545454545,0.15384615384615385,10,5376,-5047,1,0,1,76.92307692307693,0.3947272727272727,0
1,1,176.0,246,191,9,14,5,55,2,2,1,2,1.28125,0.6,5,2674,-2428,1,0,1,33.33333333333333,0.9166666666666666,0
0,9,80.94,419,461,2,27,25,-42,3,6,1,1,0.9069264069264069,0.07142857142857142,25,6454,-6035,1,0,0,89.28571428571429,0.17519480519480518,0
1,9,40.86,154,71,28,29,1,83,12,6,4,0,2.138888888888889,0.9333333333333333,1,994,-840,1,0,1,3.3333333333333335,0.5675,0
1,7,109.37,354,184,0,12,12,170,6,2,2,1,1.9135135135135135,0.0,12,2576,-2222,1,0,1,92.3076923076923,0.5911891891891892,0
0,0,119.74,276,425,4,5,1,-149,1,2,1,2,0.647887323943662,0.6666666666666666,1,5950,-5674,1,0,1,16.666666666666664,0.28107981220657274,0
0,8,77.66,340,465,17,19,2,-125,6,0,2,2,0.7296137339055794,0.85,2,6510,-6170,1,0,1,10.0,0.16665236051502144,0
0,8,65.1,126,41,21,29,8,85,2,4,1,1,3.0,0.7,8,574,-448,1,0,1,26.666666666666668,1.5499999999999998,0
0,6,191.99,270,478,2,10,8,-208,1,2,1,1,0.5636743215031316,0.18181818181818182,8,6692,-6422,1,0,1,72.72727272727273,0.4008141962421712,0
1,2,132.06,573,254,8,13,5,319,12,3,4,2,2.2470588235294118,0.5714285714285714,5,3556,-2983,1,0,1,35.714285714285715,0.5178823529411765,0
0,1,29.64,253,426,15,22,7,-173,8,3,3,1,0.5925058548009368,0.6521739130434783,7,5964,-5711,1,0,1,30.434782608695656,0.06941451990632319,0
0,0,85.94,498,187,10,19,9,311,2,6,1,1,2.648936170212766,0.5,9,2618,-2120,1,0,1,45.0,0.45712765957446805,0
1,1,146.08,486,92,4,6,2,394,12,3,4,0,5.225806451612903,0.5714285714285714,2,1288,-802,1,0,1,28.57142857142857,1.570752688172043,1
1,6,193.11,56,44,11,27,16,12,11,2,4,1,1.2444444444444445,0.39285714285714285,16,616,-560,1,0,0,57.14285714285714,4.291333333333333,0
1,8,23.69,576,373,12,28,16,203,11,4,4,1,1.5401069518716577,0.41379310344827586,16,5222,-4646,1,0,0,55.172413793103445,0.06334224598930481,0
0,3,198.68,389,65,19,22,3,324,9,6,3,2,5.893939393939394,0.8260869565217391,3,910,-521,1,0,1,13.043478260869565,3.0103030303030303,1
1,3,44.42,335,445,10,12,2,-110,11,6,4,2,0.7511210762331838,0.7692307692307693,2,6230,-5895,1,0,1,15.384615384615385,0.09959641255605381,0
0,9,56.39,77,495,8,19,11,-418,4,5,2,1,0.15524193548387097,0.4,11,6930,-6853,1,0,1,55.00000000000001,0.11368951612903226,0
0,5,120.4,253,407,4,8,4,-154,5,1,2,2,0.6200980392156863,0.4444444444444444,4,5698,-5445,1,0,1,44.44444444444444,0.2950980392156863,0
0,0,152.64,274,176,9,10,1,98,5,0,2,0,1.5480225988700564,0.8181818181818182,1,2464,-2190,1,0,1,9.090909090909092,0.8623728813559322,0
1,8,93.96,504,463,11,19,8,41,5,4,2,1,1.0862068965517242,0.55,8,6482,-5978,1,0,1,40.0,0.20249999999999999,0
1,8,31.83,243,103,4,18,14,140,4,3,2,1,2.3365384615384617,0.21052631578947367,14,1442,-1199,1,0,0,73.68421052631578,0.3060576923076923,0
0,1,186.59,443,492,4,25,21,-49,1,6,1,1,0.8985801217038539,0.15384615384615385,21,6888,-6445,1,0,0,80.76923076923077,0.3784787018255578,0
1,2,86.52,148,141,8,28,20,7,11,0,4,1,1.0422535211267605,0.27586206896551724,20,1974,-1826,1,0,0,68.96551724137932,0.6092957746478873,0
1,3,143.86,338,293,25,28,3,45,12,4,4,2,1.1496598639455782,0.8620689655172413,3,4102,-3764,1,0,1,10.344827586206897,0.4893197278911565,0
1,3,193.38,336,149,18,23,5,187,4,0,2,2,2.24,0.75,5,2086,-1750,1,0,1,20.833333333333336,1.2892,0
1,0,187.84,84,382,8,14,6,-298,2,6,1,1,0.2193211488250653,0.5333333333333333,6,5348,-5264,1,0,1,40.0,0.49044386422976505,0
1,0,140.31,581,288,4,21,17,293,11,6,4,1,2.01038062283737,0.18181818181818182,17,4032,-3451,1,0,0,77.27272727272727,0.48550173010380626,0
1,0,39.86,438,342,9,12,3,96,1,5,1,2,1.2769679300291545,0.6923076923076923,3,4788,-4350,1,0,1,23.076923076923077,0.11620991253644315,0
1,6,193.77,569,68,12,21,9,501,3,2,1,1,8.246376811594203,0.5454545454545454,9,952,-383,1,0,1,40.909090909090914,2.8082608695652174,1
1,4,118.81,411,216,8,24,16,195,2,2,1,1,1.8940092165898617,0.32,16,3024,-2613,1,0,0,64.0,0.5475115207373272,0
1,1,164.43,296,129,4,24,20,167,6,0,2,1,2.276923076923077,0.16,20,1806,-1510,1,0,0,80.0,1.264846153846154,0
1,2,79.34,380,42,19,23,4,338,5,5,2,2,8.837209302325581,0.7916666666666666,4,588,-208,1,0,1,16.666666666666664,1.8451162790697675,1
0,8,23.92,478,260,3,11,8,218,1,5,1,1,1.8314176245210727,0.25,8,3640,-3162,1,0,1,66.66666666666666,0.09164750957854406,0
1,7,74.85,337,65,6,21,15,272,2,4,1,1,5.106060606060606,0.2727272727272727,15,910,-573,1,0,0,68.18181818181817,1.134090909090909,1
0,8,169.01,537,301,7,16,9,236,12,1,4,1,1.7781456953642385,0.4117647058823529,9,4214,-3677,1,0,1,52.94117647058824,0.559635761589404,0
1,8,124.35,488,81,14,25,11,407,6,5,2,1,5.951219512195122,0.5384615384615384,11,1134,-646,1,0,1,42.30769230769231,1.5164634146341462,1
1,9,120.36,186,113,13,26,13,73,1,6,1,1,1.631578947368421,0.48148148148148145,13,1582,-1396,1,0,1,48.148148148148145,1.0557894736842106,0
0,8,63.18,100,158,21,28,7,-58,3,6,1,1,0.6289308176100629,0.7241379310344828,7,2212,-2112,1,0,1,24.137931034482758,0.3973584905660377,0
0,3,95.81,108,375,12,18,6,-267,10,5,4,1,0.2872340425531915,0.631578947368421,6,5250,-5142,1,0,1,31.57894736842105,0.25481382978723405,0
1,4,50.01,367,48,8,18,10,319,4,2,2,1,7.489795918367347,0.42105263157894735,10,672,-305,1,0,1,52.63157894736842,1.020612244897959,1
0,4,199.82,292,496,11,26,15,-204,11,5,4,1,0.5875251509054326,0.4074074074074074,15,6944,-6652,1,0,0,55.55555555555556,0.40205231388329976,0
0,0,59.33,359,271,14,19,5,88,1,6,1,2,1.3198529411764706,0.7,5,3794,-3435,1,0,1,25.0,0.21812499999999999,0
0,7,120.67,505,395,1,11,10,110,3,3,1,1,1.2752525252525253,0.08333333333333333,10,5530,-5025,1,0,1,83.33333333333334,0.3047222222222222,0
0,9,121.74,85,238,0,28,28,-153,7,2,3,1,0.35564853556485354,0.0,28,3332,-3247,1,0,0,96.55172413793103,0.5093723849372385,0
1,3,35.64,391,355,4,24,20,36,8,6,3,1,1.098314606741573,0.16,20,4970,-4579,1,0,0,80.0,0.1001123595505618,0
0,1,121.97,234,93,10,11,1,141,9,4,3,0,2.4893617021276597,0.8333333333333334,1,1302,-1068,1,0,1,8.333333333333332,1.2975531914893617,0
1,0,149.78,198,115,0,6,6,83,6,6,2,1,1.706896551724138,0.0,6,1610,-1412,1,0,1,85.71428571428571,1.291206896551724,0
0,0,179.5,354,270,4,5,1,84,6,6,2,0,1.3062730627306274,0.6666666666666666,1,3780,-3426,1,0,1,16.666666666666664,0.6623616236162362,0
0,3,185.0,60,59,5,11,6,1,8,0,3,1,1.0,0.4166666666666667,6,826,-766,1,0,1,50.0,3.0833333333333335,0
1,8,121.76,331,42,3,6,3,289,5,2,2,2,7.6976744186046515,0.42857142857142855,3,588,-257,1,0,1,42.857142857142854,2.8316279069767445,1
0,0,84.3,384,302,7,27,20,82,9,1,3,1,1.2673267326732673,0.25,20,4228,-3844,1,0,0,71.42857142857143,0.2782178217821782,0
1,0,166.36,515,62,17,22,5,453,3,1,1,2,8.174603174603174,0.7391304347826086,5,868,-353,1,0,1,21.73913043478261,2.6406349206349207,1
0,0,161.85,218,271,7,22,15,-53,6,4,2,1,0.8014705882352942,0.30434782608695654,15,3794,-3576,1,0,0,65.21739130434783,0.5950367647058823,0
0,7,168.9,68,446,2,7,5,-378,11,4,4,2,0.15212527964205816,0.25,5,6244,-6176,1,0,1,62.5,0.3778523489932886,0
1,4,192.03,221,484,12,18,6,-263,7,5,3,1,0.4556701030927835,0.631578947368421,6,6776,-6555,1,0,1,31.57894736842105,0.39593814432989693,0
0,6,25.15,541,52,25,26,1,489,5,3,2,0,10.20754716981132,0.9259259259259259,1,728,-187,1,0,1,3.7037037037037033,0.4745283018867924,1
1,5,184.69,423,58,5,20,15,365,9,4,3,1,7.169491525423729,0.23809523809523808,15,812,-389,1,0,0,71.42857142857143,3.1303389830508475,1
1,4,197.54,90,251,8,14,6,-161,10,4,4,1,0.35714285714285715,0.5333333333333333,6,3514,-3424,1,0,1,40.0,0.7838888888888889,0
1,0,134.28,273,492,0,5,5,-219,11,5,4,2,0.5537525354969574,0.0,5,6888,-6615,1,0,1,83.33333333333334,0.2723732251521298,0
1,1,182.78,75,434,5,6,1,-359,8,4,3,2,0.1724137931034483,0.7142857142857143,1,6076,-6001,1,0,1,14.285714285714285,0.420183908045977,0
0,4,78.11,576,104,4,9,5,472,10,2,4,2,5.485714285714286,0.4,5,1456,-880,1,0,1,50.0,0.7439047619047618,1
1,4,78.97,569,211,12,19,7,358,8,1,3,1,2.6839622641509435,0.6,7,2954,-2385,1,0,1,35.0,0.3725,0
1,5,110.17,225,407,4,12,8,-182,11,3,4,1,0.5514705882352942,0.3076923076923077,8,5698,-5473,1,0,1,61.53846153846154,0.27002450980392156,0
1,9,184.6,122,400,20,24,4,-278,1,0,1,2,0.30423940149625933,0.8,4,5600,-5478,1,0,1,16.0,0.46034912718204485,0
1,1,121.49,313,182,18,23,5,131,10,4,4,2,1.710382513661202,0.75,5,2548,-2235,1,0,1,20.833333333333336,0.663879781420765,0
0,2,112.48,444,376,11,21,10,68,2,5,1,1,1.1777188328912467,0.5,10,5264,-4820,1,0,1,45.45454545454545,0.2983554376657825,0
0,2,107.34,357,332,6,12,6,25,9,4,3,1,1.072072072072072,0.46153846153846156,6,4648,-4291,1,0,1,46.15384615384615,0.3223423423423423,0
1,1,152.56,125,34,14,23,9,91,10,2,4,1,3.5714285714285716,0.5833333333333334,9,476,-351,1,0,1,37.5,4.3588571428571425,0
1,4,168.59,435,217,3,11,8,218,4,1,2,1,1.9954128440366972,0.25,8,3038,-2603,1,0,1,66.66666666666666,0.773348623853211,0
1,4,21.72,484,247,0,7,7,237,1,5,1,1,1.9516129032258065,0.0,7,3458,-2974,1,0,1,87.5,0.08758064516129031,0
0,3,97.25,599,286,3,7,4,313,11,4,4,2,2.087108013937282,0.375,4,4004,-3405,1,0,1,50.0,0.33885017421602787,0
0,8,192.84,66,333,7,23,16,-267,7,5,3,1,0.19760479041916168,0.2916666666666667,16,4662,-4596,1,0,0,66.66666666666666,0.5773652694610778,0
0,1,49.63,440,184,15,18,3,256,9,6,3,2,2.3783783783783785,0.7894736842105263,3,2576,-2136,1,0,1,15.789473684210526,0.2682702702702703,0
1,8,177.11,68,73,2,12,10,-5,3,3,1,1,0.918918918918919,0.15384615384615385,10,1022,-954,1,0,1,76.92307692307693,2.3933783783783786,0
1,3,43.73,306,494,15,27,12,-188,1,0,1,1,0.6181818181818182,0.5357142857142857,12,6916,-6610,1,0,1,42.857142857142854,0.08834343434343433,0
0,6,194.61,54,229,1,10,9,-175,8,1,3,1,0.23478260869565218,0.09090909090909091,9,3206,-3152,1,0,1,81.81818181818183,0.8461304347826087,0
0,9,99.0,333,440,5,14,9,-107,11,6,4,1,0.7551020408163265,0.3333333333333333,9,6160,-5827,1,0,1,60.0,0.22448979591836735,0
1,2,144.38,253,236,5,13,8,17,7,2,3,1,1.0675105485232068,0.35714285714285715,8,3304,-3051,1,0,1,57.14285714285714,0.609198312236287,0
1,5,115.74,276,60,2,9,7,216,4,4,2,1,4.524590163934426,0.2,7,840,-564,1,0,1,70.0,1.8973770491803277,1
1,8,120.84,160,284,13,21,8,-124,3,4,1,1,0.5614035087719298,0.5909090909090909,8,3976,-3816,1,0,1,36.36363636363637,0.424,0
1,9,184.34,69,203,14,19,5,-134,12,4,4,2,0.3382352941176471,0.7,5,2842,-2773,1,0,1,25.0,0.9036274509803922,0
1,4,131.57,563,346,15,22,7,217,9,2,3,1,1.622478386167147,0.6521739130434783,7,4844,-4281,1,0,1,30.434782608695656,0.379164265129683,0
1,5,153.67,481,366,2,17,15,115,7,3,3,1,1.3106267029972751,0.1111111111111111,15,5124,-4643,1,0,0,83.33333333333334,0.4187193460490463,0
1,4,138.89,381,115,8,25,17,266,12,4,4,1,3.2844827586206895,0.3076923076923077,17,1610,-1229,1,0,0,65.38461538461539,1.1973275862068964,0
0,4,69.09,485,380,8,15,7,105,12,0,4,1,1.272965879265092,0.5,7,5320,-4835,1,0,1,43.75,0.18133858267716535,0
0,3,167.43,95,392,6,7,1,-297,1,5,1,2,0.24173027989821882,0.75,1,5488,-5393,1,0,1,12.5,0.4260305343511451,0
0,8,152.75,215,120,4,6,2,95,10,2,4,0,1.7768595041322315,0.5714285714285714,2,1680,-1465,1,0,1,28.57142857142857,1.262396694214876,0
0,0,95.39,397,299,16,19,3,98,3,0,1,2,1.3233333333333333,0.8,3,4186,-3789,1,0,1,15.0,0.3179666666666667,0
1,9,40.2,95,97,6,15,9,-2,10,0,4,1,0.9693877551020408,0.375,9,1358,-1263,1,0,1,56.25,0.4102040816326531,0
0,0,53.32,513,193,11,17,6,320,7,2,3,1,2.6443298969072164,0.6111111111111112,6,2702,-2189,1,0,1,33.33333333333333,0.27484536082474226,0
1,4,98.1,448,110,17,21,4,338,4,5,2,2,4.036036036036036,0.7727272727272727,4,1540,-1092,1,0,1,18.181818181818183,0.8837837837837837,1
1,6,27.72,305,256,7,21,14,49,4,0,2,1,1.1867704280155642,0.3181818181818182,14,3584,-3279,1,0,0,63.63636363636363,0.10785992217898832,0
0,7,172.46,578,281,16,27,11,297,5,3,2,1,2.049645390070922,0.5714285714285714,11,3934,-3356,1,0,1,39.285714285714285,0.6115602836879432,0
0,0,113.03,482,352,25,29,4,130,3,6,1,2,1.3654390934844192,0.8333333333333334,4,4928,-4446,1,0,1,13.333333333333334,0.3201983002832861,0
0,7,70.49,138,381,5,23,18,-243,6,3,2,1,0.3612565445026178,0.20833333333333334,18,5334,-5196,1,0,0,75.0,0.18452879581151832,0
1,7,158.64,236,175,3,10,7,61,1,0,1,1,1.3409090909090908,0.2727272727272727,7,2450,-2214,1,0,1,63.63636363636363,0.9013636363636363,0
1,5,130.34,351,303,1,28,27,48,11,6,4,1,1.1546052631578947,0.034482758620689655,27,4242,-3891,1,0,0,93.10344827586206,0.42875,0
1,1,124.92,213,499,9,24,15,-286,4,0,2,1,0.426,0.36,15,6986,-6773,1,0,0,60.0,0.24984,0
0,9,96.19,396,177,4,16,12,219,1,6,1,1,2.2247191011235956,0.23529411764705882,12,2478,-2082,1,0,1,70.58823529411765,0.5403932584269663,0
1,7,174.51,491,74,4,18,14,417,2,3,1,1,6.546666666666667,0.21052631578947367,14,1036,-545,1,0,0,73.68421052631578,2.3268,1
1,9,106.18,492,139,7,11,4,353,7,0,3,2,3.5142857142857142,0.5833333333333334,4,1946,-1454,1,0,1,33.33333333333333,0.7584285714285715,0
1,6,103.05,400,389,20,27,7,11,4,0,2,1,1.0256410256410255,0.7142857142857143,7,5446,-5046,1,0,1,25.0,0.2642307692307692,0
1,8,51.85,519,448,8,18,10,71,1,6,1,1,1.1559020044543429,0.42105263157894735,10,6272,-5753,1,0,1,52.63157894736842,0.11547884187082405,0
1,4,25.53,89,133,11,15,4,-44,6,4,2,2,0.664179104477612,0.6875,4,1862,-1773,1,0,1,25.0,0.1905223880597015,0
1,7,35.9,275,114,3,25,22,161,4,3,2,1,2.391304347826087,0.11538461538461539,22,1596,-1321,1,0,0,84.61538461538461,0.31217391304347825,0
0,6,55.71,514,480,0,17,17,34,11,6,4,1,1.0686070686070686,0.0,17,6720,-6206,1,0,0,94.44444444444444,0.11582120582120582,0
1,7,84.18,335,452,8,21,13,-117,6,3,2,1,0.739514348785872,0.36363636363636365,13,6328,-5993,1,0,1,59.09090909090909,0.18582781456953643,0
1,7,51.3,318,55,13,28,15,263,12,3,4,1,5.678571428571429,0.4482758620689655,15,770,-452,1,0,0,51.724137931034484,0.9160714285714285,1
1,4,127.9,580,440,0,5,5,140,5,6,2,2,1.3151927437641724,0.0,5,6160,-5580,1,0,1,83.33333333333334,0.29002267573696144,0
0,8,170.23,178,306,4,5,1,-128,3,0,1,2,0.5798045602605864,0.6666666666666666,1,4284,-4106,1,0,1,16.666666666666664,0.5544951140065146,0
1,4,81.3,165,463,5,6,1,-298,8,3,3,2,0.35560344827586204,0.7142857142857143,1,6482,-6317,1,0,1,14.285714285714285,0.1752155172413793,0
1,3,67.07,549,202,16,24,8,347,8,5,3,1,2.7044334975369457,0.64,8,2828,-2279,1,0,1,32.0,0.3303940886699507,0
1,5,45.53,258,181,7,18,11,77,6,4,2,1,1.4175824175824177,0.3684210526315789,11,2534,-2276,1,0,1,57.89473684210527,0.2501648351648352,0
1,3,187.39,186,258,9,23,14,-72,12,5,4,1,0.7181467181467182,0.375,14,3612,-3426,1,0,0,58.333333333333336,0.7235135135135135,0
0,0,117.38,141,355,13,20,7,-214,11,3,4,1,0.3960674157303371,0.6190476190476191,7,4970,-4829,1,0,1,33.33333333333333,0.3297191011235955,0
1,5,63.6,593,143,4,10,6,450,9,0,3,1,4.118055555555555,0.36363636363636365,6,2002,-1409,1,0,1,54.54545454545454,0.44166666666666665,1
1,5,99.67,319,65,6,7,1,254,6,5,2,0,4.833333333333333,0.75,1,910,-591,1,0,1,12.5,1.5101515151515152,1
0,0,95.5,454,73,13,16,3,381,11,5,4,2,6.135135135135135,0.7647058823529411,3,1022,-568,1,0,1,17.647058823529413,1.2905405405405406,1
0,6,151.68,53,77,6,7,1,-24,9,3,3,2,0.6794871794871795,0.75,1,1078,-1025,1,0,1,12.5,1.9446153846153846,0
0,8,51.84,581,162,8,19,11,419,9,5,3,1,3.5644171779141103,0.4,11,2268,-1687,1,0,1,55.00000000000001,0.31803680981595095,0
1,5,114.48,363,426,2,19,17,-63,5,4,2,1,0.8501170960187353,0.1,17,5964,-5601,1,0,0,85.0,0.26810304449648714,0
0,9,172.42,420,451,3,26,23,-31,3,4,1,1,0.9292035398230089,0.1111111111111111,23,6314,-5894,1,0,0,85.18518518518519,0.3814601769911504,0
0,8,44.24,138,210,4,17,13,-72,2,5,1,1,0.6540284360189573,0.2222222222222222,13,2940,-2802,1,0,1,72.22222222222221,0.20966824644549764,0
0,7,136.31,299,200,7,13,6,99,1,3,1,1,1.4875621890547264,0.5,6,2800,-2501,1,0,1,42.857142857142854,0.6781592039800995,0
0,1,157.81,376,470,5,18,13,-94,9,4,3,1,0.7983014861995754,0.2631578947368421,13,6580,-6204,1,0,1,68.42105263157895,0.33505307855626326,0
0,9,25.06,353,84,1,15,14,269,1,4,1,1,4.152941176470589,0.0625,14,1176,-823,1,0,0,87.5,0.2948235294117647,1
1,1,44.22,168,450,15,20,5,-282,12,1,4,2,0.37250554323725055,0.7142857142857143,5,6300,-6132,1,0,1,23.809523809523807,0.09804878048780488,0
1,7,69.9,376,107,4,6,2,269,1,0,1,0,3.4814814814814814,0.5714285714285714,2,1498,-1122,1,0,1,28.57142857142857,0.6472222222222223,0
1,5,178.61,472,97,8,10,2,375,9,4,3,0,4.816326530612245,0.7272727272727273,2,1358,-886,1,0,1,18.181818181818183,1.8225510204081634,1
1,9,146.46,64,149,0,6,6,-85,12,4,4,1,0.4266666666666667,0.0,6,2086,-2022,1,0,1,85.71428571428571,0.9764,0
1,9,131.22,415,106,0,6,6,309,3,5,1,1,3.878504672897196,0.0,6,1484,-1069,1,0,1,85.71428571428571,1.226355140186916,0
0,5,154.83,77,145,5,16,11,-68,5,0,2,1,0.5273972602739726,0.29411764705882354,11,2030,-1953,1,0,1,64.70588235294117,1.0604794520547947,0
0,4,121.67,527,231,1,14,13,296,1,0,1,1,2.271551724137931,0.06666666666666667,13,3234,-2707,1,0,1,86.66666666666667,0.5244396551724138,0
0,5,62.27,594,46,15,24,9,548,7,4,3,1,12.638297872340425,0.6,9,644,-50,1,0,1,36.0,1.3248936170212766,1
1,7,126.16,78,342,9,24,15,-264,9,6,3,1,0.22740524781341107,0.36,15,4788,-4710,1,0,0,60.0,0.3678134110787172,0
0,3,129.86,280,107,9,15,6,173,10,1,4,1,2.5925925925925926,0.5625,6,1498,-1218,1,0,1,37.5,1.2024074074074076,0
1,1,138.72,503,187,6,21,15,316,5,3,2,1,2.675531914893617,0.2727272727272727,15,2618,-2115,1,0,0,68.18181818181817,0.737872340425532,0
1,2,129.02,102,167,15,21,6,-65,4,0,2,1,0.6071428571428571,0.6818181818181818,6,2338,-2236,1,0,1,27.27272727272727,0.7679761904761906,0
0,2,91.84,181,320,23,28,5,-139,4,0,2,2,0.5638629283489096,0.7931034482758621,5,4480,-4299,1,0,1,17.24137931034483,0.28610591900311527,0
1,4,84.79,235,45,18,19,1,190,3,5,1,0,5.108695652173913,0.9,1,630,-395,1,0,1,5.0,1.8432608695652175,1
0,4,126.2,573,323,5,18,13,250,12,3,4,1,1.7685185185185186,0.2631578947368421,13,4522,-3949,1,0,1,68.42105263157895,0.38950617283950617,0
0,7,147.7,86,379,0,10,10,-293,9,4,3,1,0.22631578947368422,0.0,10,5306,-5220,1,0,1,90.9090909090909,0.38868421052631574,0
0,5,147.06,470,189,2,9,7,281,9,4,3,1,2.473684210526316,0.2,7,2646,-2176,1,0,1,70.0,0.774,0
1,4,69.05,278,286,6,22,16,-8,7,0,3,1,0.9686411149825784,0.2608695652173913,16,4004,-3726,1,0,0,69.56521739130434,0.24059233449477352,0
0,4,98.13,58,475,2,23,21,-417,3,1,1,1,0.12184873949579832,0.08333333333333333,21,6650,-6592,1,0,0,87.5,0.20615546218487393,0
1,0,30.02,380,378,20,26,6,2,11,6,4,1,1.0026385224274406,0.7407407407407407,6,5292,-4912,1,0,1,22.22222222222222,0.0792084432717678,0
0,5,95.26,481,368,3,28,25,113,3,0,1,1,1.3035230352303524,0.10344827586206896,25,5152,-4671,1,0,0,86.20689655172413,0.2581571815718157,0
0,2,49.89,66,424,8,10,2,-358,2,4,1,2,0.15529411764705883,0.7272727272727273,2,5936,-5870,1,0,1,18.181818181818183,0.11738823529411765,0
1,1,33.57,159,434,6,14,8,-275,10,3,4,1,0.36551724137931035,0.4,8,6076,-5917,1,0,1,53.333333333333336,0.07717241379310345,0
0,8,31.68,559,186,16,25,9,373,6,0,2,1,2.9893048128342246,0.6153846153846154,9,2604,-2045,1,0,1,34.61538461538461,0.16941176470588235,0
0,7,188.16,302,399,0,25,25,-97,7,6,3,1,0.755,0.0,25,5586,-5284,1,0,0,96.15384615384616,0.4704,0
0,1,46.8,555,166,3,6,3,389,6,0,2,2,3.3233532934131738,0.42857142857142855,3,2324,-1769,1,0,1,42.857142857142854,0.2802395209580838,0
1,9,89.88,378,422,4,8,4,-44,5,4,2,2,0.8936170212765957,0.4444444444444444,4,5908,-5530,1,0,1,44.44444444444444,0.2124822695035461,0
1,6,184.65,197,389,7,13,6,-192,10,2,4,1,0.5051282051282051,0.5,6,5446,-5249,1,0,1,42.857142857142854,0.4734615384615385,0
1,9,185.98,400,230,0,5,5,170,4,2,2,2,1.7316017316017316,0.0,5,3220,-2820,1,0,1,83.33333333333334,0.8051082251082251,0
0,0,115.89,128,212,4,18,14,-84,7,2,3,1,0.6009389671361502,0.21052631578947367,14,2968,-2840,1,0,0,73.68421052631578,0.5440845070422535,0
0,4,89.36,525,102,2,20,18,423,7,4,3,1,5.097087378640777,0.09523809523809523,18,1428,-903,1,0,0,85.71428571428571,0.8675728155339806,1
0,9,164.69,319,259,5,7,2,60,6,1,2,2,1.226923076923077,0.625,2,3626,-3307,1,0,1,25.0,0.6334230769230769,0
0,7,94.78,332,314,1,17,16,18,9,6,3,1,1.053968253968254,0.05555555555555555,16,4396,-4064,1,0,0,88.88888888888889,0.3008888888888889,0
1,4,146.13,331,320,12,19,7,11,6,5,2,1,1.0311526479750779,0.6,7,4480,-4149,1,0,1,35.0,0.45523364485981305,0
1,5,51.51,347,270,21,22,1,77,2,6,1,2,1.2804428044280443,0.9130434782608695,1,3780,-3433,1,0,1,4.3478260869565215,0.19007380073800736,0
1,2,149.75,245,109,3,7,4,136,3,0,1,2,2.227272727272727,0.375,4,1526,-1281,1,0,1,50.0,1.3613636363636363,0
0,5,197.64,234,299,14,26,12,-65,2,2,1,1,0.78,0.5185185185185185,12,4186,-3952,1,0,1,44.44444444444444,0.6587999999999999,0
1,8,94.61,339,78,2,17,15,261,3,4,1,1,4.291139240506329,0.1111111111111111,15,1092,-753,1,0,0,83.33333333333334,1.1975949367088607,1
1,8,60.89,299,460,7,13,6,-161,3,4,1,1,0.648590021691974,0.5,6,6440,-6141,1,0,1,42.857142857142854,0.1320824295010846,0
1,2,185.72,361,288,4,6,2,73,1,3,1,2,1.2491349480968859,0.5714285714285714,2,4032,-3671,1,0,1,28.57142857142857,0.6426297577854672,0
0,2,33.36,450,239,4,5,1,211,7,4,3,0,1.875,0.6666666666666666,1,3346,-2896,1,0,1,16.666666666666664,0.13899999999999998,0
1,4,112.49,524,459,6,7,1,65,10,3,4,2,1.1391304347826088,0.75,1,6426,-5902,1,0,1,12.5,0.24454347826086956,0
0,5,70.23,409,308,14,21,7,101,4,3,2,1,1.3236245954692556,0.6363636363636364,7,4312,-3903,1,0,1,31.818181818181817,0.22728155339805828,0
0,0,147.87,350,56,8,16,8,294,6,0,2,1,6.140350877192983,0.47058823529411764,8,784,-434,1,0,1,47.05882352941176,2.5942105263157895,1
1,0,135.53,264,392,0,22,22,-128,7,3,3,1,0.6717557251908397,0.0,22,5488,-5224,1,0,0,95.65217391304348,0.34486005089058525,0
1,1,26.7,79,322,4,16,12,-243,5,5,2,1,0.24458204334365324,0.23529411764705882,12,4508,-4429,1,0,1,70.58823529411765,0.0826625386996904,0
0,8,171.5,108,476,4,15,11,-368,9,4,3,1,0.22641509433962265,0.25,11,6664,-6556,1,0,1,68.75,0.35953878406708595,0
1,6,35.59,339,448,1,24,23,-109,11,2,4,1,0.755011135857461,0.04,23,6272,-5933,1,0,0,92.0,0.07926503340757239,0
0,0,186.8,541,297,25,28,3,244,4,1,2,2,1.8154362416107384,0.8620689655172413,3,4158,-3617,1,0,1,10.344827586206897,0.6268456375838927,0
0,3,35.13,562,491,9,28,19,71,6,1,2,1,1.1422764227642277,0.3103448275862069,19,6874,-6312,1,0,0,65.51724137931035,0.07140243902439025,0
1,1,44.38,290,92,17,27,10,198,1,0,1,1,3.118279569892473,0.6071428571428571,10,1288,-998,1,0,1,35.714285714285715,0.47720430107526884,0
1,3,37.98,317,348,27,29,2,-31,1,2,1,2,0.9083094555873925,0.9,2,4872,-4555,1,0,1,6.666666666666667,0.10882521489971346,0
1,9,134.72,103,118,23,25,2,-15,3,2,1,2,0.865546218487395,0.8846153846153846,2,1652,-1549,1,0,1,7.6923076923076925,1.1321008403361343,0
0,3,105.34,341,295,1,6,5,46,1,4,1,2,1.152027027027027,0.14285714285714285,5,4130,-3789,1,0,1,71.42857142857143,0.3558783783783784,0
1,2,23.94,233,230,10,23,13,3,8,0,3,1,1.0086580086580086,0.4166666666666667,13,3220,-2987,1,0,1,54.166666666666664,0.10363636363636364,0
0,5,73.06,347,228,18,20,2,119,5,5,2,0,1.51528384279476,0.8571428571428571,2,3192,-2845,1,0,1,9.523809523809524,0.31903930131004365,0
0,4,94.52,147,261,2,6,4,-114,2,5,1,2,0.5610687022900763,0.2857142857142857,4,3654,-3507,1,0,1,57.14285714285714,0.3607633587786259,0
1,3,101.26,421,290,25,27,2,131,5,5,2,0,1.4467353951890034,0.8928571428571429,2,4060,-3639,1,0,1,7.142857142857142,0.3479725085910653,0
0,1,84.98,99,304,21,25,4,-205,3,0,1,2,0.32459016393442625,0.8076923076923077,4,4256,-4157,1,0,1,15.384615384615385,0.27862295081967214,0
0,2,148.26,103,218,8,25,17,-115,8,1,3,1,0.4703196347031963,0.3076923076923077,17,3052,-2949,1,0,0,65.38461538461539,0.6769863013698629,0
0,4,101.45,98,410,0,22,22,-312,10,5,4,1,0.2384428223844282,0.0,22,5740,-5642,1,0,0,95.65217391304348,0.24683698296836984,0
0,6,145.28,306,217,3,20,17,89,9,4,3,1,1.4036697247706422,0.14285714285714285,17,3038,-2732,1,0,0,80.95238095238095,0.6664220183486239,0
0,0,157.86,100,180,0,15,15,-80,6,2,2,1,0.5524861878453039,0.0,15,2520,-2420,1,0,0,93.75,0.8721546961325968,0
0,0,52.58,173,358,22,24,2,-185,5,3,2,2,0.4818941504178273,0.88,2,5012,-4839,1,0,1,8.0,0.14646239554317547,0
0,4,33.81,334,457,19,29,10,-123,4,1,2,1,0.7292576419213974,0.6333333333333333,10,6398,-6064,1,0,1,33.33333333333333,0.07382096069868996,0
0,6,188.0,234,115,23,26,3,119,7,3,3,2,2.0172413793103448,0.8518518518518519,3,1610,-1376,1,0,1,11.11111111111111,1.6206896551724137,0
1,7,109.79,59,470,4,6,2,-411,6,6,2,2,0.12526539278131635,0.5714285714285714,2,6580,-6521,1,0,1,28.57142857142857,0.23309978768577497,0
0,7,59.46,249,329,6,12,6,-80,10,3,4,1,0.7545454545454545,0.46153846153846156,6,4606,-4357,1,0,1,46.15384615384615,0.1801818181818182,0
1,9,49.71,404,54,10,19,9,350,7,6,3,1,7.345454545454546,0.5,9,756,-352,1,0,1,45.0,0.9038181818181819,1
0,7,168.33,153,86,8,16,8,67,5,6,2,1,1.7586206896551724,0.47058823529411764,8,1204,-1051,1,0,1,47.05882352941176,1.9348275862068967,0
1,0,85.25,400,102,1,25,24,298,4,0,2,1,3.883495145631068,0.038461538461538464,24,1428,-1028,1,0,0,92.3076923076923,0.8276699029126213,0
1,8,181.79,578,78,8,21,13,500,11,3,4,1,7.3164556962025316,0.36363636363636365,13,1092,-514,1,0,1,59.09090909090909,2.301139240506329,1
1,4,136.93,230,197,2,24,22,33,5,2,2,1,1.1616161616161615,0.08,22,2758,-2528,1,0,0,88.0,0.6915656565656566,0
1,2,51.79,194,314,16,26,10,-120,3,6,1,1,0.6158730158730159,0.5925925925925926,10,4396,-4202,1,0,1,37.03703703703704,0.1644126984126984,0
0,4,92.45,296,63,10,16,6,233,1,6,1,1,4.625,0.5882352941176471,6,882,-586,1,0,1,35.294117647058826,1.44453125,1
1,4,83.48,203,179,5,11,6,24,4,1,2,1,1.1277777777777778,0.4166666666666667,6,2506,-2303,1,0,1,50.0,0.4637777777777778,0
1,6,93.56,313,339,9,12,3,-26,8,4,3,2,0.9205882352941176,0.6923076923076923,3,4746,-4433,1,0,1,23.076923076923077,0.2751764705882353,0
0,8,177.09,547,226,11,25,14,321,5,0,2,1,2.409691629955947,0.4230769230769231,14,3164,-2617,1,0,0,53.84615384615385,0.7801321585903084,0
0,2,43.14,118,357,8,28,20,-239,6,0,2,1,0.329608938547486,0.27586206896551724,20,4998,-4880,1,0,0,68.96551724137932,0.12050279329608939,0
1,9,184.87,336,125,2,18,16,211,5,1,2,1,2.6666666666666665,0.10526315789473684,16,1750,-1414,1,0,0,84.21052631578947,1.4672222222222222,0
0,3,71.34,66,437,13,24,11,-371,3,5,1,1,0.1506849315068493,0.52,11,6118,-6052,1,0,1,44.0,0.16287671232876713,0
0,1,43.51,479,126,16,17,1,353,10,1,4,0,3.7716535433070866,0.8888888888888888,1,1764,-1285,1,0,1,5.555555555555555,0.34259842519685035,0
0,4,74.3,506,363,21,26,5,143,6,0,2,2,1.39010989010989,0.7777777777777778,5,5082,-4576,1,0,1,18.51851851851852,0.20412087912087912,0
1,8,79.44,493,233,20,26,6,260,1,5,1,1,2.106837606837607,0.7407407407407407,6,3262,-2769,1,0,1,22.22222222222222,0.3394871794871795,0
0,3,96.35,51,41,13,27,14,10,5,5,2,1,1.2142857142857142,0.4642857142857143,14,574,-523,1,0,0,50.0,2.294047619047619,0
0,8,159.64,317,212,14,27,13,105,4,5,2,1,1.488262910798122,0.5,13,2968,-2651,1,0,1,46.42857142857143,0.7494835680751173,0
1,9,104.42,92,223,4,13,9,-131,6,6,2,1,0.4107142857142857,0.2857142857142857,9,3122,-3030,1,0,1,64.28571428571429,0.4661607142857143,0
1,0,136.31,462,463,1,14,13,-1,6,2,2,1,0.9956896551724138,0.06666666666666667,13,6482,-6020,1,0,1,86.66666666666667,0.29377155172413794,0
1,5,27.87,158,398,2,12,10,-240,11,4,4,1,0.39598997493734334,0.15384615384615385,10,5572,-5414,1,0,1,76.92307692307693,0.06984962406015038,0
1,9,151.02,348,97,4,13,9,251,7,4,3,1,3.5510204081632653,0.2857142857142857,9,1358,-1010,1,0,1,64.28571428571429,1.5410204081632655,0
0,3,64.06,490,499,8,25,17,-9,4,0,2,1,0.98,0.3076923076923077,17,6986,-6496,1,0,0,65.38461538461539,0.12812,0
0,2,44.8,60,486,2,10,8,-426,12,0,4,1,0.12320328542094455,0.18181818181818182,8,6804,-6744,1,0,1,72.72727272727273,0.0919917864476386,0
1,4,45.76,493,445,3,16,13,48,2,2,1,1,1.1053811659192825,0.17647058823529413,13,6230,-5737,1,0,1,76.47058823529412,0.10260089686098654,0
0,0,33.77,460,439,21,23,2,21,6,6,2,2,1.0454545454545454,0.875,2,6146,-5686,1,0,1,8.333333333333332,0.07675000000000001,0
0,4,33.92,383,70,6,17,11,313,8,6,3,1,5.394366197183099,0.3333333333333333,11,980,-597,1,0,1,61.111111111111114,0.47774647887323946,1
0,1,26.73,145,320,12,18,6,-175,11,5,4,1,0.4517133956386293,0.631578947368421,6,4480,-4335,1,0,1,31.57894736842105,0.08327102803738318,0
1,1,88.8,139,161,0,18,18,-22,1,3,1,1,0.8580246913580247,0.0,18,2254,-2115,1,0,0,94.73684210526315,0.5481481481481482,0
1,5,83.23,381,309,16,18,2,72,2,3,1,2,1.229032258064516,0.8421052631578947,2,4326,-3945,1,0,1,10.526315789473683,0.26848387096774196,0
1,3,31.13,239,89,22,23,1,150,6,2,2,0,2.6555555555555554,0.9166666666666666,1,1246,-1007,1,0,1,4.166666666666666,0.34588888888888886,0
0,2,197.62,133,103,2,13,11,30,4,1,2,1,1.2788461538461537,0.14285714285714285,11,1442,-1309,1,0,1,78.57142857142857,1.9001923076923077,0
0,3,168.73,214,276,5,14,9,-62,8,2,3,1,0.7725631768953068,0.3333333333333333,9,3864,-3650,1,0,1,60.0,0.6091335740072201,0
0,7,117.53,70,381,4,23,19,-311,5,1,2,1,0.18324607329842932,0.16666666666666666,19,5334,-5264,1,0,0,79.16666666666666,0.30767015706806283,0
1,1,53.19,474,478,0,23,23,-4,12,1,4,1,0.9895615866388309,0.0,23,6692,-6218,1,0,0,95.83333333333334,0.1110438413361169,0
0,0,50.97,440,362,12,16,4,78,5,6,2,2,1.2121212121212122,0.7058823529411765,4,5068,-4628,1,0,1,23.52941176470588,0.14041322314049587,0
0,1,50.2,410,253,2,6,4,157,8,5,3,2,1.6141732283464567,0.2857142857142857,4,3542,-3132,1,0,1,57.14285714285714,0.19763779527559056,0
0,3,77.62,504,107,4,7,3,397,4,2,2,2,4.666666666666667,0.5,3,1498,-994,1,0,1,37.5,0.7187037037037037,1
0,6,160.13,441,312,11,26,15,129,4,6,2,1,1.4089456869009584,0.4074074074074074,15,4368,-3927,1,0,0,55.55555555555556,0.5115974440894568,0
1,2,63.95,315,289,5,8,3,26,7,0,3,2,1.0862068965517242,0.5555555555555556,3,4046,-3731,1,0,1,33.33333333333333,0.22051724137931036,0
1,0,101.5,520,160,7,10,3,360,6,2,2,2,3.229813664596273,0.6363636363636364,3,2240,-1720,1,0,1,27.27272727272727,0.6304347826086957,0
0,0,96.68,282,426,6,13,7,-144,4,2,2,1,0.6604215456674473,0.42857142857142855,7,5964,-5682,1,0,1,50.0,0.2264168618266979,0
0,2,196.54,431,474,25,26,1,-43,10,3,4,2,0.9073684210526316,0.9259259259259259,1,6636,-6205,1,0,1,3.7037037037037033,0.41376842105263156,0
1,9,134.96,496,215,3,6,3,281,2,3,1,2,2.2962962962962963,0.42857142857142855,3,3010,-2514,1,0,1,42.857142857142854,0.6248148148148148,0
0,0,40.35,131,480,11,25,14,-349,11,6,4,1,0.27234927234927236,0.4230769230769231,14,6720,-6589,1,0,0,53.84615384615385,0.08388773388773389,0
0,2,56.52,179,287,3,9,6,-108,11,5,4,1,0.6215277777777778,0.3,6,4018,-3839,1,0,1,60.0,0.19625,0
1,6,55.92,201,163,14,17,3,38,10,1,4,2,1.225609756097561,0.7777777777777778,3,2282,-2081,1,0,1,16.666666666666664,0.3409756097560976,0
1,2,31.85,469,301,2,23,21,168,11,0,4,1,1.5529801324503312,0.08333333333333333,21,4214,-3745,1,0,0,87.5,0.1054635761589404,0
1,1,108.35,582,454,6,8,2,128,1,1,1,0,1.279120879120879,0.6666666666666666,2,6356,-5774,1,0,1,22.22222222222222,0.23813186813186812,0
1,8,123.44,96,454,12,25,13,-358,4,5,2,1,0.210989010989011,0.46153846153846156,13,6356,-6260,1,0,1,50.0,0.2712967032967033,0
0,1,35.08,593,381,12,23,11,212,11,4,4,1,1.5523560209424083,0.5,11,5334,-4741,1,0,1,45.83333333333333,0.09183246073298429,0
0,5,169.13,595,217,4,17,13,378,10,2,4,1,2.729357798165138,0.2222222222222222,13,3038,-2443,1,0,1,72.22222222222221,0.7758256880733945,0
0,6,125.28,351,314,4,25,21,37,10,1,4,1,1.1142857142857143,0.15384615384615385,21,4396,-4045,1,0,0,80.76923076923077,0.39771428571428574,0
0,5,38.05,280,395,10,19,9,-115,2,3,1,1,0.7070707070707071,0.5,9,5530,-5250,1,0,1,45.0,0.09608585858585858,0
1,1,84.54,362,272,4,18,14,90,11,1,4,1,1.326007326007326,0.21052631578947367,14,3808,-3446,1,0,0,73.68421052631578,0.3096703296703297,0
1,5,153.71,368,392,2,25,23,-24,5,3,2,1,0.9363867684478372,0.07692307692307693,23,5488,-5120,1,0,0,88.46153846153845,0.3911195928753181,0
1,6,96.02,232,480,7,21,14,-248,2,4,1,1,0.48232848232848236,0.3181818181818182,14,6720,-6488,1,0,0,63.63636363636363,0.19962577962577963,0
0,0,26.48,482,128,2,8,6,354,10,1,4,1,3.7364341085271318,0.2222222222222222,6,1792,-1310,1,0,1,66.66666666666666,0.20527131782945737,0
1,4,79.75,246,409,1,17,16,-163,12,2,4,1,0.6,0.05555555555555555,16,5726,-5480,1,0,0,88.88888888888889,0.19451219512195123,0
1,5,76.49,304,327,6,14,8,-23,7,5,3,1,0.926829268292683,0.4,8,4578,-4274,1,0,1,53.333333333333336,0.2332012195121951,0
0,4,70.15,486,176,18,22,4,310,12,4,4,2,2.7457627118644066,0.782608695652174,4,2464,-1978,1,0,1,17.391304347826086,0.3963276836158192,0
0,6,108.1,394,388,1,7,6,6,10,0,4,1,1.012853470437018,0.125,6,5432,-5038,1,0,1,75.0,0.27789203084832903,0
1,1,58.66,207,290,2,29,27,-83,2,2,1,1,0.711340206185567,0.06666666666666667,27,4060,-3853,1,0,0,90.0,0.2015807560137457,0
1,0,158.55,54,99,6,7,1,-45,7,1,3,2,0.54,0.75,1,1386,-1332,1,0,1,12.5,1.5855000000000001,0
1,3,98.2,291,315,12,29,17,-24,8,5,3,1,0.9208860759493671,0.4,17,4410,-4119,1,0,0,56.666666666666664,0.31075949367088607,0
0,1,106.72,579,123,24,25,1,456,7,0,3,0,4.669354838709677,0.9230769230769231,1,1722,-1143,1,0,1,3.8461538461538463,0.8606451612903225,1
0,9,81.06,329,413,24,28,4,-84,3,0,1,2,0.7946859903381642,0.8275862068965517,4,5782,-5453,1,0,1,13.793103448275861,0.19579710144927537,0
0,4,127.34,186,132,24,25,1,54,12,1,4,2,1.3984962406015038,0.9230769230769231,1,1848,-1662,1,0,1,3.8461538461538463,0.9574436090225564,0
1,9,132.14,75,284,1,11,10,-209,1,2,1,1,0.2631578947368421,0.08333333333333333,10,3976,-3901,1,0,1,83.33333333333334,0.4636491228070175,0
1,9,177.76,257,497,1,20,19,-240,3,5,1,1,0.5160642570281124,0.047619047619047616,19,6958,-6701,1,0,0,90.47619047619048,0.35694779116465863,0
1,0,161.33,290,280,9,13,4,10,1,1,1,2,1.0320284697508897,0.6428571428571429,4,3920,-3630,1,0,1,28.57142857142857,0.5741281138790036,0
1,9,24.33,500,178,22,29,7,322,12,0,4,1,2.793296089385475,0.7333333333333333,7,2492,-1992,1,0,1,23.333333333333332,0.1359217877094972,0
1,9,173.19,144,31,1,19,18,113,5,4,2,1,4.5,0.05,18,434,-290,1,0,0,90.0,5.4121875,1
1,8,160.0,295,377,6,20,14,-82,11,4,4,1,0.7804232804232805,0.2857142857142857,14,5278,-4983,1,0,0,66.66666666666666,0.42328042328042326,0
0,8,65.33,427,54,4,8,4,373,1,4,1,2,7.763636363636364,0.4444444444444444,4,756,-329,1,0,1,44.44444444444444,1.1878181818181819,1
0,1,165.47,294,129,2,14,12,165,3,1,1,1,2.2615384615384615,0.13333333333333333,12,1806,-1512,1,0,1,80.0,1.2728461538461537,0
0,6,65.18,483,57,13,22,9,426,7,2,3,1,8.327586206896552,0.5652173913043478,9,798,-315,1,0,1,39.130434782608695,1.123793103448276,1
0,6,22.21,120,162,6,8,2,-42,5,6,2,2,0.7361963190184049,0.6666666666666666,2,2268,-2148,1,0,1,22.22222222222222,0.13625766871165645,0
1,9,77.85,242,191,9,16,7,51,10,1,4,1,1.2604166666666667,0.5294117647058824,7,2674,-2432,1,0,1,41.17647058823529,0.40546875,0
0,0,30.24,103,349,6,7,1,-246,12,2,4,2,0.29428571428571426,0.75,1,4886,-4783,1,0,1,12.5,0.08639999999999999,0
1,8,52.5,566,144,8,11,3,422,9,2,3,2,3.9034482758620688,0.6666666666666666,3,2016,-1450,1,0,1,25.0,0.3620689655172414,0
0,4,115.98,63,317,4,15,11,-254,5,3,2,1,0.19811320754716982,0.25,11,4438,-4375,1,0,1,68.75,0.36471698113207546,0
1,0,176.33,110,200,8,17,9,-90,7,6,3,1,0.5472636815920398,0.4444444444444444,9,2800,-2690,1,0,1,50.0,0.8772636815920398,0
